,dest,intermediate_location,payload,src,transhipment_path,veh_type,verb
912,IXRB,,13500,DELH,,2,ADD
975,HYDH,,13500,NDAH,,2,ADD
907,BLRH,,13500,PNQH,,2,ADD
789,CCUH,,13500,DELH,,2,ADD
988,KNPH,,13500,NDAH,,2,ADD
928,NAGH,,13500,BOMH,,2,ADD
868,SXVF,,7500,BLRH,,2,ADD
925,IDRH,,13500,BOMH,,2,ADD
888,HYDH,,13500,BOMH,,2,ADD
752,BLRH,,7500,HYDH,,2,ADD
698,AMCH,,8200,LUHB,,2,ADD
864,NAGH,,7500,IDRH,,2,ADD
699,AMCH,,13500,LUHB,,2,ADD
893,JAIH,,13500,DELH,,2,ADD
1031,AMCH,,7500,PNPF,,2,ADD
986,AGRB,,8200,DELH,,2,ADD
648,AMCH,,13500,MAAH,,2,ADD
940,KNPH,,13500,DELH,,2,ADD
711,AMDH,,7500,VPIH,,2,ADD
886,DELH,,13500,NDAH,,2,ADD
542,BOMH,,8200,VPIH,,2,ADD
617,DELH,,13500,BLRH,,1,ADD
997,MAAH,,13500,NDAH,,1,ADD
1017,CCUH,,13500,BOMH,,1,ADD
939,BLRH,,13500,NDAH,,1,ADD
791,CCUH,,13500,BLRH,,1,ADD
910,IXRB,,13500,BLRH,,1,ADD
707,AMCH,,13500,BLRH,,1,ADD
891,KNPH,,13500,BLRH,,1,ADD
1041,MAAH,,13500,AMCH,,1,ADD
1042,MAAH,,13500,AMCH,,1,ADD
839,MAAH,,13500,DELH,,1,ADD
473,DELH,,13500,CJBH,,1,ADD
960,MAAH,,13500,AMDH,,1,ADD
557,MAAH,,13500,CCUH,,1,ADD
1012,CCUH,,13500,PNQH,,1,ADD
682,AMDH,,13500,CCUH,,1,ADD
481,AMDH,,13500,BLRH,,1,ADD
1050,MAAH,,13500,BOMH,,1,ADD
708,PNQH,,13500,AMCH,,1,ADD
903,BLRH,,13500,DELH,,1,ADD
640,BOMH,,8200,IXRB,,1,ADD
796,CJBH,,13500,PNQH,,1,ADD
913,CCUH,,13500,NDAH,,1,ADD
532,DELH,,13500,CCUH,,1,ADD
587,PNQH,,13500,KNPH,,1,ADD
936,COKB,,13500,BOMH,,1,ADD
702,AMCH,,13500,BOMH,,1,ADD
719,PNQH,,13500,MAAH,,1,ADD
908,BLRH,,13500,VPIH,,1,ADD
961,NDAH,,13500,BOMH,,1,ADD
973,KNPH,,13500,BOMH,,1,ADD
813,JAIH,,13500,BOMH,,1,ADD
1044,HYDH,,13500,DELH,,1,ADD
662,DELH,,13500,SILB,,1,ADD
974,PNQH,,13500,NDAH,,1,ADD
728,BLRH,,13500,BOMH,,1,ADD
1007,NAGH,,13500,DELH,,1,ADD
646,HYDH,,13500,CCUH,,1,ADD
965,SXVF,,13500,BOMH,,1,ADD
508,BOMH,,13500,DELH,,1,ADD
1005,PNQH,,13500,AMDH,,1,ADD
448,PNQH,,13500,BGMH,,1,ADD
461,BOMH,,13500,BLRH,,1,ADD
743,HYDH,,13500,BOMH,,1,ADD
663,CCUH,,13500,SILB,,1,ADD
869,VZAH,,13500,BOMH,,1,ADD
657,MAAH,,13500,AGRB,,1,ADD
1016,AMDH,,13500,NDAH,,1,ADD
846,BBIH,,13500,NAGH,,1,ADD
480,PNQH,,13500,DELH,,1,ADD
795,PNQH,,13500,NAGH,,1,ADD
643,BOMH,,13500,MAAH,,1,ADD
799,SILB,,8200,CCUH,,1,ADD
809,PATH,,13500,BOMH,,1,ADD
1047,BLRH,,13500,IDRH,,1,ADD
597,DELH,,13500,VPIH,,1,ADD
505,AMDH,,8200,JAIH,,1,ADD
568,DELH,,13500,MAAH,,1,ADD
759,DELH,,13500,PNQH,,1,ADD
601,DELH,,13500,BOMH,,1,ADD
1008,NAGH,,13500,VPIH,,1,ADD
862,AMDH,,13500,DELH,,1,ADD
1009,HYDH,,13500,PNQH,,1,ADD
860,PNQH,,13500,IDRH,,1,ADD
765,AMDH,,13500,BOMH,,1,ADD
1033,KNPH,,13500,AMCH,,1,ADD
552,HYDH,,13500,NAGH,,1,ADD
450,BLRH,,7500,HYDH,,1,ADD
483,PNQH,,13500,BLRH,,1,ADD
937,NAGH,,13500,BOMH,,1,ADD
930,AMDH,,13500,BOMH,,1,ADD
683,DELH,,13500,AMDH,,1,ADD
810,BGMH,,7500,BOMH,,1,ADD
555,IDRH,,13500,HYDH,,1,ADD
741,BLRH,,13500,PNQH,,1,ADD
818,CJBH,,13500,BLRH,,1,ADD
924,IDRH,,13500,AMDH,,1,ADD
764,VPIH,,7500,AMDH,,1,ADD
451,BGMH,,7500,BLRH,,1,ADD
905,MAAH,,7500,HYDH,,1,ADD
474,DELH,,13500,KNPH,,1,ADD
572,BLRH,,13500,COKB,,1,ADD
488,KNPH,,8200,RDPF,,1,ADD
661,BOMH,,13500,DELH,,1,ADD
604,IXRB,,8200,PATH,,1,ADD
653,DELH,,13500,KNPH,,1,ADD
547,MAAH,,8200,COKB,,1,ADD
693,AMCH,,13500,HDRB,,1,ADD
605,DELH,,13500,HDRB,,1,ADD
717,MAAH,,7500,SXVF,,1,ADD
1046,NAGH,,13500,IDRH,,1,ADD
985,AGRB,,8200,KNPH,,1,ADD
490,BOMH,,7500,VPIH,,1,ADD
651,NDAH,,7500,AGRB,,1,ADD
1015,DELH,,13500,IDRH,,1,ADD
533,KNPH,,7500,PATH,,1,ADD
452,BOMH,,7500,SNRH,,1,ADD
957,VZAH,,8200,MAAH,,1,ADD
904,BLRH,,8200,MAAH,,1,ADD
958,CCUH,,5200,IXRB,,1,ADD
720,BLRH,,13500,MAAH,,1,ADD
531,PNQH,,7500,BOMH,,1,ADD
705,DELH,,13500,AMCH,,1,ADD
504,BOMH,,13500,BLRH,,1,ADD
690,AMCH,,8200,LUHB,,1,ADD
748,VZAH,,8200,HYDH,,1,ADD
517,NDAH,,13500,DELH,,1,ADD
689,DELH,,8200,LUHB,,1,ADD
566,NDAH,,7500,RDPF,,1,ADD
672,PNQH,,7500,VPIH,,1,ADD
523,HYDH,,8200,VZAH,,1,ADD
697,DELH,,7500,IXCB,,1,ADD
803,SNRH,,7500,PNQH,,1,ADD
619,BLRH,,13500,KNPH,,1,ADD
692,AMCH,,7500,LUHB,,1,ADD
691,AMCH,,7500,LUHB,,1,ADD
713,NDAH,,13500,AMCH,,1,ADD
1035,AMCH,,13500,DELH,,1,ADD
427,BOMH,,7500,PNQH,,1,ADD
897,PNQH,,7500,BOMH,,1,ADD
431,SXVF,,5200,CJBH,,1,ADD
852,COKB,,7500,CJBH,,1,ADD
999,CCUH,,13500,DELH,,1,ADD
990,MAAH,,8200,BLRH,,1,ADD
704,DELH,,13500,AMCH,,1,ADD
1032,AMCH,,8200,NDAH,,1,ADD
894,JAIH,,13500,DELH,,1,ADD
694,AMCH,,7500,IXCB,,1,ADD
435,BOMH,,7500,PNQH,,1,ADD
695,AMCH,,7500,PNPF,,1,ADD
650,DELH,,7500,AGRB,,1,ADD
0,CCUH,BBIH,13500,BLRH,,1,INS
1,IXRB,VZAH,13500,BLRH,,1,INS
2,IXRB,BBIH,13500,BLRH,,1,INS
3,NDAH,HYDH,13500,BLRH,,1,INS
4,KNPH,HYDH,13500,BLRH,,1,INS
5,BLRH,BBIH,13500,CCUH,,1,INS
6,BLRH,HYDH,13500,KNPH,,1,INS
7,BLRH,BBIH,13500,IXRB,,1,INS
8,BLRH,VZAH,13500,IXRB,,1,INS
9,BOMH,NAGH,13500,CCUH,,1,INS
10,MAAH,HYDH,13500,AMCH,,1,INS
11,MAAH,HYDH,13500,AMCH,,1,INS
12,AMCH,HYDH,13500,MAAH,,1,INS
13,DELH,SXVF,13500,CJBH,,1,INS
14,DELH,BLRH,13500,CJBH,,1,INS
15,DELH,JAIH,13500,CJBH,,1,INS
16,MAAH,HYDH,13500,AMDH,,1,INS
17,MAAH,BBIH,13500,CCUH,,1,INS
18,MAAH,VZAH,13500,CCUH,,1,INS
19,AMDH,HYDH,13500,MAAH,,1,INS
20,CCUH,NAGH,13500,PNQH,,1,INS
21,AMDH,IXRB,13500,CCUH,,1,INS
22,PNQH,SNRH,13500,AMCH,,1,INS
23,AMCH,SNRH,13500,PNQH,,1,INS
24,CCUH,IXRB,13500,AMDH,,1,INS
25,CJBH,SXVF,13500,PNQH,,1,INS
26,CCUH,VZAH,13500,MAAH,,1,INS
27,DELH,KNPH,13500,CCUH,,1,INS
28,PNQH,SXVF,13500,CJBH,,1,INS
29,PNQH,BLRH,13500,CJBH,,1,INS
30,PNQH,SNRH,13500,KNPH,,1,INS
31,KNPH,SNRH,13500,PNQH,,1,INS
32,COKB,CJBH,13500,BOMH,,1,INS
33,PNQH,HYDH,13500,MAAH,,1,INS
34,BOMH,IDRH,13500,AMCH,,1,INS
35,BLRH,BGMH,13500,VPIH,,1,INS
36,NDAH,IXRB,13500,CCUH,,1,INS
37,KNPH,IDRH,13500,BOMH,,1,INS
38,BOMH,IDRH,13500,KNPH,,1,INS
39,BOMH,CJBH,13500,COKB,,1,INS
40,BOMH,SXVF,13500,COKB,,1,INS
41,DELH,PATH,13500,SILB,,1,INS
42,PNQH,IDRH,13500,NDAH,,1,INS
43,PNQH,SNRH,13500,NDAH,,1,INS
44,HYDH,VZAH,13500,CCUH,,1,INS
45,CCUH,VZAH,13500,HYDH,,1,INS
46,SXVF,BLRH,13500,BOMH,,1,INS
47,DELH,IDRH,13500,NAGH,,1,INS
48,NDAH,SNRH,13500,PNQH,,1,INS
49,BOMH,BGMH,13500,BLRH,,1,INS
50,VZAH,HYDH,13500,BOMH,,1,INS
51,MAAH,HYDH,13500,AGRB,,1,INS
52,BOMH,HYDH,13500,MAAH,,1,INS
53,BOMH,HYDH,13500,VZAH,,1,INS
54,BLRH,HYDH,13500,IDRH,,1,INS
55,AMDH,UDRF,8200,JAIH,,1,INS
56,VPIH,IDRH,13500,DELH,,1,INS
57,DELH,HYDH,13500,MAAH,,1,INS
58,DELH,JAIH,13500,MAAH,,1,INS
59,DELH,SNRH,13500,PNQH,,1,INS
60,AGRB,HYDH,13500,MAAH,,1,INS
61,AGRB,KNPH,13500,MAAH,,1,INS
62,BOMH,BLRH,13500,SXVF,,1,INS
63,PNQH,SNRH,13500,DELH,,1,INS
64,JAIH,UDRF,8200,AMDH,,1,INS
65,SILB,PATH,13500,DELH,,1,INS
66,PNQH,SNRH,13500,IDRH,,1,INS
67,CJBH,SXVF,13500,DELH,,1,INS
68,KNPH,AGRB,13500,AMCH,,1,INS
69,IDRH,SNRH,13500,PNQH,,1,INS
70,BOMH,KNPH,13500,PATH,,1,INS
71,IDRH,HYDH,13500,BLRH,,1,INS
72,BOMH,JAIH,13500,DELH,,1,INS
73,DELH,AGRB,13500,KNPH,,1,INS
74,KNPH,AGRB,13500,DELH,,1,INS
75,COKB,SXVF,8200,MAAH,,1,INS
76,MAAH,HYDH,13500,BOMH,,1,INS
77,DELH,JAIH,13500,IDRH,,1,INS
78,BOMH,HYDH,13500,BLRH,,1,INS
79,DELH,AMCH,8200,LUHB,,1,INS
80,PNQH,BOMH,7500,VPIH,,1,INS
81,MAAH,HYDH,13500,DELH,,1,INS
82,DELH,AMCH,7500,IXCB,,1,INS
83,IXCB,AMCH,7500,DELH,,1,INS
84,VPIH,BOMH,7500,PNQH,,1,INS
85,BLRH,HYDH,13500,KNPH,,1,INS
86,KNPH,HYDH,13500,BLRH,,1,INS
87,LUHB,AMCH,8200,DELH,,1,INS
88,CCUH,KNPH,13500,DELH,,2,INS
89,AMCH,HYDH,13500,MAAH,,2,INS
0,RDPF,,,AMDH,"['AMDH', 'NDAH', 'RDPF']",,MAK
1,IXRB,,,AMDH,"['AMDH', 'IXRB']",,MAK
2,BBIH,,,AMDH,"['AMDH', 'IXRB', 'BBIH']",,MAK
4,IXCB,,,AMDH,"['AMDH', 'DELH', 'IXCB']",,MAK
6,AMCH,,,AMDH,"['AMDH', 'DELH', 'AMCH']",,MAK
7,AMCH,,,AMDH,"['AMDH', 'DELH', 'AMCH', 'AMCH']",,MAK
8,LUHB,,,AMDH,"['AMDH', 'DELH', 'LUHB']",,MAK
9,HDRB,,,AMDH,"['AMDH', 'DELH', 'HDRB']",,MAK
11,PATH,,,AMDH,"['AMDH', 'DELH', 'PATH']",,MAK
13,VZAH,,,AMDH,"['AMDH', 'BOMH', 'VZAH']",,MAK
14,CJBH,,,AMDH,"['AMDH', 'BOMH', 'CJBH']",,MAK
15,CCUH,,,AMDH,"['AMDH', 'CCUH']",,MAK
16,COKB,,,AMDH,"['AMDH', 'BOMH', 'COKB']",,MAK
17,KNPH,,,AMDH,"['AMDH', 'NDAH', 'KNPH']",,MAK
19,SXVF,,,AMDH,"['AMDH', 'BOMH', 'SXVF']",,MAK
20,NAGH,,,AMDH,"['AMDH', 'IDRH', 'NAGH']",,MAK
21,BGMH,,,AMDH,"['AMDH', 'PNQH', 'BGMH']",,MAK
22,SNRH,,,AMDH,"['AMDH', 'PNQH', 'SNRH']",,MAK
23,AGRB,,,AMDH,"['AMDH', 'DELH', 'AGRB']",,MAK
24,UDRF,,,AMDH,"['AMDH', 'UDRF']",,MAK
25,BLRH,,,AMDH,"['AMDH', 'BLRH']",,MAK
26,BOMH,,,AMDH,"['AMDH', 'BOMH']",,MAK
27,HYDH,,,AMDH,"['AMDH', 'HYDH']",,MAK
28,IDRH,,,AMDH,"['AMDH', 'IDRH']",,MAK
30,JAIH,,,AMDH,"['AMDH', 'JAIH']",,MAK
31,MAAH,,,AMDH,"['AMDH', 'MAAH']",,MAK
32,DELH,,,AMDH,"['AMDH', 'DELH']",,MAK
33,NDAH,,,AMDH,"['AMDH', 'NDAH']",,MAK
34,PNPF,,,AMDH,"['AMDH', 'DELH', 'AMCH', 'AMCH', 'PNPF']",,MAK
35,PNQH,,,AMDH,"['AMDH', 'PNQH']",,MAK
36,VPIH,,,AMDH,"['AMDH', 'VPIH']",,MAK
37,SILB,,,AMDH,"['AMDH', 'CCUH', 'SILB']",,MAK
39,RDPF,,,VZAH,"['VZAH', 'HYDH', 'KNPH', 'RDPF']",,MAK
40,IXCB,,,VZAH,"['VZAH', 'HYDH', 'AMCH', 'AMCH', 'IXCB']",,MAK
42,AMCH,,,VZAH,"['VZAH', 'HYDH', 'AMCH']",,MAK
43,AMCH,,,VZAH,"['VZAH', 'HYDH', 'AMCH', 'AMCH']",,MAK
44,LUHB,,,VZAH,"['VZAH', 'HYDH', 'AMCH', 'AMCH', 'LUHB']",,MAK
45,HDRB,,,VZAH,"['VZAH', 'HYDH', 'AMCH', 'AMCH', 'HDRB']",,MAK
47,UDRF,,,VZAH,"['VZAH', 'HYDH', 'AMDH', 'UDRF']",,MAK
51,JAIH,,,VZAH,"['VZAH', 'HYDH', 'JAIH']",,MAK
52,VPIH,,,VZAH,"['VZAH', 'BOMH', 'VPIH']",,MAK
53,SNRH,,,VZAH,"['VZAH', 'HYDH', 'PNQH', 'SNRH']",,MAK
54,AGRB,,,VZAH,"['VZAH', 'HYDH', 'KNPH', 'AGRB']",,MAK
55,KNPH,,,VZAH,"['VZAH', 'HYDH', 'KNPH']",,MAK
56,AMDH,,,VZAH,"['VZAH', 'HYDH', 'AMDH']",,MAK
57,BOMH,,,VZAH,"['VZAH', 'BOMH']",,MAK
58,CJBH,,,VZAH,"['VZAH', 'BLRH', 'CJBH']",,MAK
59,COKB,,,VZAH,"['VZAH', 'BLRH', 'COKB']",,MAK
61,IDRH,,,VZAH,"['VZAH', 'HYDH', 'IDRH']",,MAK
62,SXVF,,,VZAH,"['VZAH', 'BLRH', 'SXVF']",,MAK
63,NAGH,,,VZAH,"['VZAH', 'HYDH', 'NAGH']",,MAK
64,DELH,,,VZAH,"['VZAH', 'HYDH', 'DELH']",,MAK
65,NDAH,,,VZAH,"['VZAH', 'HYDH', 'NDAH']",,MAK
66,BGMH,,,VZAH,"['VZAH', 'BLRH', 'BGMH']",,MAK
67,PNPF,,,VZAH,"['VZAH', 'HYDH', 'AMCH', 'AMCH', 'PNPF']",,MAK
68,PNQH,,,VZAH,"['VZAH', 'HYDH', 'PNQH']",,MAK
69,PATH,,,VZAH,"['VZAH', 'IXRB', 'PATH']",,MAK
70,BLRH,,,VZAH,"['VZAH', 'BLRH']",,MAK
71,CCUH,,,VZAH,"['VZAH', 'CCUH']",,MAK
72,HYDH,,,VZAH,"['VZAH', 'HYDH']",,MAK
73,IXRB,,,VZAH,"['VZAH', 'IXRB']",,MAK
74,MAAH,,,VZAH,"['VZAH', 'MAAH']",,MAK
75,BBIH,,,VZAH,"['VZAH', 'BBIH']",,MAK
76,SILB,,,VZAH,"['VZAH', 'IXRB', 'CCUH', 'SILB']",,MAK
78,RDPF,,,BLRH,"['BLRH', 'KNPH', 'RDPF']",,MAK
80,UDRF,,,BLRH,"['BLRH', 'AMDH', 'UDRF']",,MAK
81,IXCB,,,BLRH,"['BLRH', 'AMCH', 'AMCH', 'IXCB']",,MAK
85,AMCH,,,BLRH,"['BLRH', 'AMCH']",,MAK
87,AMCH,,,BLRH,"['BLRH', 'AMCH', 'AMCH']",,MAK
88,NAGH,,,BLRH,"['BLRH', 'HYDH', 'NAGH']",,MAK
89,LUHB,,,BLRH,"['BLRH', 'AMCH', 'AMCH', 'LUHB']",,MAK
90,HDRB,,,BLRH,"['BLRH', 'AMCH', 'AMCH', 'HDRB']",,MAK
91,SNRH,,,BLRH,"['BLRH', 'PNQH', 'SNRH']",,MAK
93,AGRB,,,BLRH,"['BLRH', 'KNPH', 'AGRB']",,MAK
94,PATH,,,BLRH,"['BLRH', 'IXRB', 'PATH']",,MAK
95,KNPH,,,BLRH,"['BLRH', 'KNPH']",,MAK
96,AMDH,,,BLRH,"['BLRH', 'AMDH']",,MAK
97,VZAH,,,BLRH,"['BLRH', 'VZAH']",,MAK
98,BOMH,,,BLRH,"['BLRH', 'BOMH']",,MAK
99,CJBH,,,BLRH,"['BLRH', 'CJBH']",,MAK
100,CCUH,,,BLRH,"['BLRH', 'CCUH']",,MAK
101,COKB,,,BLRH,"['BLRH', 'COKB']",,MAK
102,HYDH,,,BLRH,"['BLRH', 'HYDH']",,MAK
103,IDRH,,,BLRH,"['BLRH', 'IDRH']",,MAK
104,SXVF,,,BLRH,"['BLRH', 'SXVF']",,MAK
105,JAIH,,,BLRH,"['BLRH', 'JAIH']",,MAK
106,IXRB,,,BLRH,"['BLRH', 'IXRB']",,MAK
107,MAAH,,,BLRH,"['BLRH', 'MAAH']",,MAK
108,DELH,,,BLRH,"['BLRH', 'DELH']",,MAK
109,NDAH,,,BLRH,"['BLRH', 'NDAH']",,MAK
110,BGMH,,,BLRH,"['BLRH', 'BGMH']",,MAK
111,BBIH,,,BLRH,"['BLRH', 'BBIH']",,MAK
112,PNPF,,,BLRH,"['BLRH', 'AMCH', 'AMCH', 'PNPF']",,MAK
113,PNQH,,,BLRH,"['BLRH', 'PNQH']",,MAK
114,VPIH,,,BLRH,"['BLRH', 'VPIH']",,MAK
115,SILB,,,BLRH,"['BLRH', 'IXRB', 'PATH', 'SILB']",,MAK
117,RDPF,,,BOMH,"['BOMH', 'KNPH', 'RDPF']",,MAK
118,UDRF,,,BOMH,"['BOMH', 'AMDH', 'UDRF']",,MAK
119,VZAH,,,BOMH,"['BOMH', 'VZAH']",,MAK
120,CJBH,,,BOMH,"['BOMH', 'CJBH']",,MAK
121,IXCB,,,BOMH,"['BOMH', 'AMCH', 'AMCH', 'IXCB']",,MAK
122,COKB,,,BOMH,"['BOMH', 'COKB']",,MAK
126,AMCH,,,BOMH,"['BOMH', 'AMCH']",,MAK
127,SXVF,,,BOMH,"['BOMH', 'SXVF']",,MAK
128,AMCH,,,BOMH,"['BOMH', 'NDAH', 'AMCH', 'AMCH']",,MAK
129,IXRB,,,BOMH,"['BOMH', 'IXRB']",,MAK
130,BGMH,,,BOMH,"['BOMH', 'BGMH']",,MAK
131,LUHB,,,BOMH,"['BOMH', 'AMCH', 'AMCH', 'LUHB']",,MAK
132,HDRB,,,BOMH,"['BOMH', 'DELH', 'HDRB']",,MAK
133,BBIH,,,BOMH,"['BOMH', 'NAGH', 'BBIH']",,MAK
135,AGRB,,,BOMH,"['BOMH', 'DELH', 'AGRB']",,MAK
136,AMDH,,,BOMH,"['BOMH', 'AMDH']",,MAK
137,BLRH,,,BOMH,"['BOMH', 'BLRH']",,MAK
138,CCUH,,,BOMH,"['BOMH', 'CCUH']",,MAK
140,KNPH,,,BOMH,"['BOMH', 'KNPH']",,MAK
141,HYDH,,,BOMH,"['BOMH', 'HYDH']",,MAK
142,IDRH,,,BOMH,"['BOMH', 'IDRH']",,MAK
144,JAIH,,,BOMH,"['BOMH', 'JAIH']",,MAK
145,MAAH,,,BOMH,"['BOMH', 'MAAH']",,MAK
146,NAGH,,,BOMH,"['BOMH', 'NAGH']",,MAK
147,DELH,,,BOMH,"['BOMH', 'DELH']",,MAK
149,PNPF,,,BOMH,"['BOMH', 'AMCH', 'AMCH', 'PNPF']",,MAK
150,PNQH,,,BOMH,"['BOMH', 'PNQH']",,MAK
151,VPIH,,,BOMH,"['BOMH', 'VPIH']",,MAK
152,SNRH,,,BOMH,"['BOMH', 'SNRH']",,MAK
153,PATH,,,BOMH,"['BOMH', 'PATH']",,MAK
154,SILB,,,BOMH,"['BOMH', 'PATH', 'SILB']",,MAK
156,RDPF,,,CJBH,"['CJBH', 'SXVF', 'MAAH', 'MAAH', 'KNPH', 'RDPF']",,MAK
158,UDRF,,,CJBH,"['CJBH', 'BLRH', 'AMDH', 'UDRF']",,MAK
159,IXCB,,,CJBH,"['CJBH', 'BLRH', 'AMCH', 'AMCH', 'IXCB']",,MAK
163,AMCH,,,CJBH,"['CJBH', 'BLRH', 'AMCH']",,MAK
165,AMCH,,,CJBH,"['CJBH', 'BLRH', 'AMCH', 'AMCH']",,MAK
166,NAGH,,,CJBH,"['CJBH', 'BLRH', 'HYDH', 'NAGH']",,MAK
167,LUHB,,,CJBH,"['CJBH', 'BLRH', 'AMCH', 'AMCH', 'LUHB']",,MAK
168,HDRB,,,CJBH,"['CJBH', 'BLRH', 'AMCH', 'AMCH', 'HDRB']",,MAK
169,SNRH,,,CJBH,"['CJBH', 'PNQH', 'SNRH']",,MAK
171,AGRB,,,CJBH,"['CJBH', 'SXVF', 'MAAH', 'MAAH', 'KNPH', 'AGRB']",,MAK
172,PATH,,,CJBH,"['CJBH', 'BLRH', 'IXRB', 'PATH']",,MAK
173,KNPH,,,CJBH,"['CJBH', 'SXVF', 'MAAH', 'MAAH', 'KNPH']",,MAK
174,AMDH,,,CJBH,"['CJBH', 'BLRH', 'AMDH']",,MAK
175,VZAH,,,CJBH,"['CJBH', 'BLRH', 'VZAH']",,MAK
176,BOMH,,,CJBH,"['CJBH', 'BOMH']",,MAK
177,CCUH,,,CJBH,"['CJBH', 'BLRH', 'VZAH', 'CCUH']",,MAK
178,HYDH,,,CJBH,"['CJBH', 'BLRH', 'HYDH']",,MAK
179,IDRH,,,CJBH,"['CJBH', 'BLRH', 'IDRH']",,MAK
180,JAIH,,,CJBH,"['CJBH', 'JAIH']",,MAK
181,IXRB,,,CJBH,"['CJBH', 'BLRH', 'IXRB']",,MAK
182,MAAH,,,CJBH,"['CJBH', 'SXVF', 'MAAH']",,MAK
183,DELH,,,CJBH,"['CJBH', 'DELH']",,MAK
184,NDAH,,,CJBH,"['CJBH', 'BLRH', 'NDAH']",,MAK
185,BGMH,,,CJBH,"['CJBH', 'BLRH', 'BGMH']",,MAK
186,BBIH,,,CJBH,"['CJBH', 'BLRH', 'BBIH']",,MAK
187,PNPF,,,CJBH,"['CJBH', 'BLRH', 'AMCH', 'AMCH', 'PNPF']",,MAK
188,PNQH,,,CJBH,"['CJBH', 'PNQH']",,MAK
189,VPIH,,,CJBH,"['CJBH', 'BLRH', 'VPIH']",,MAK
190,BLRH,,,CJBH,"['CJBH', 'BLRH']",,MAK
191,COKB,,,CJBH,"['CJBH', 'COKB']",,MAK
192,SXVF,,,CJBH,"['CJBH', 'SXVF']",,MAK
193,SILB,,,CJBH,"['CJBH', 'BLRH', 'IXRB', 'PATH', 'SILB']",,MAK
195,AMDH,,,CCUH,"['CCUH', 'AMDH']",,MAK
196,VZAH,,,CCUH,"['CCUH', 'VZAH']",,MAK
197,BLRH,,,CCUH,"['CCUH', 'BLRH']",,MAK
198,BOMH,,,CCUH,"['CCUH', 'BOMH']",,MAK
199,CJBH,,,CCUH,"['CCUH', 'BLRH', 'CJBH']",,MAK
201,IXCB,,,CCUH,"['CCUH', 'DELH', 'IXCB']",,MAK
202,COKB,,,CCUH,"['CCUH', 'BLRH', 'COKB']",,MAK
203,RDPF,,,CCUH,"['CCUH', 'KNPH', 'RDPF']",,MAK
207,HYDH,,,CCUH,"['CCUH', 'HYDH']",,MAK
208,IDRH,,,CCUH,"['CCUH', 'NAGH', 'IDRH']",,MAK
209,AMCH,,,CCUH,"['CCUH', 'DELH', 'AMCH']",,MAK
210,SXVF,,,CCUH,"['CCUH', 'BLRH', 'SXVF']",,MAK
212,JAIH,,,CCUH,"['CCUH', 'AMDH', 'JAIH']",,MAK
213,AMCH,,,CCUH,"['CCUH', 'DELH', 'AMCH', 'AMCH']",,MAK
214,IXRB,,,CCUH,"['CCUH', 'IXRB']",,MAK
215,KNPH,,,CCUH,"['CCUH', 'KNPH']",,MAK
217,MAAH,,,CCUH,"['CCUH', 'MAAH']",,MAK
218,NAGH,,,CCUH,"['CCUH', 'NAGH']",,MAK
219,DELH,,,CCUH,"['CCUH', 'DELH']",,MAK
220,NDAH,,,CCUH,"['CCUH', 'NDAH']",,MAK
221,BGMH,,,CCUH,"['CCUH', 'BLRH', 'BGMH']",,MAK
222,LUHB,,,CCUH,"['CCUH', 'DELH', 'LUHB']",,MAK
223,HDRB,,,CCUH,"['CCUH', 'DELH', 'HDRB']",,MAK
224,BBIH,,,CCUH,"['CCUH', 'BBIH']",,MAK
225,PATH,,,CCUH,"['CCUH', 'IXRB', 'PATH']",,MAK
226,PNPF,,,CCUH,"['CCUH', 'DELH', 'AMCH', 'AMCH', 'PNPF']",,MAK
227,PNQH,,,CCUH,"['CCUH', 'NAGH', 'PNQH']",,MAK
228,VPIH,,,CCUH,"['CCUH', 'BOMH', 'VPIH']",,MAK
229,SILB,,,CCUH,"['CCUH', 'SILB']",,MAK
230,UDRF,,,CCUH,"['CCUH', 'AMDH', 'UDRF']",,MAK
231,SNRH,,,CCUH,"['CCUH', 'NAGH', 'PNQH', 'SNRH']",,MAK
233,AGRB,,,CCUH,"['CCUH', 'KNPH', 'AGRB']",,MAK
273,VZAH,,,IXCB,"['IXCB', 'AMCH', 'HYDH', 'VZAH']",,MAK
275,BBIH,,,IXCB,"['IXCB', 'DELH', 'IXRB', 'BBIH']",,MAK
276,AMDH,,,IXCB,"['IXCB', 'AMCH', 'NDAH', 'AMDH']",,MAK
279,CJBH,,,IXCB,"['IXCB', 'AMCH', 'BLRH', 'CJBH']",,MAK
280,CCUH,,,IXCB,"['IXCB', 'AMCH', 'CCUH']",,MAK
281,COKB,,,IXCB,"['IXCB', 'AMCH', 'AGRB', 'MAAH', 'MAAH', 'COKB']",,MAK
282,RDPF,,,IXCB,"['IXCB', 'AMCH', 'KNPH', 'RDPF']",,MAK
284,HYDH,,,IXCB,"['IXCB', 'AMCH', 'HYDH']",,MAK
285,SXVF,,,IXCB,"['IXCB', 'AMCH', 'BLRH', 'SXVF']",,MAK
286,AMDH,,,AMCH,"['AMCH', 'NDAH', 'AMDH']",,MAK
287,IXRB,,,IXCB,"['IXCB', 'DELH', 'IXRB']",,MAK
288,MAAH,,,IXCB,"['IXCB', 'AMCH', 'MAAH']",,MAK
289,NAGH,,,IXCB,"['IXCB', 'DELH', 'NAGH']",,MAK
290,BGMH,,,IXCB,"['IXCB', 'AMCH', 'PNQH', 'BGMH']",,MAK
291,SNRH,,,IXCB,"['IXCB', 'AMCH', 'SNRH']",,MAK
292,AGRB,,,IXCB,"['IXCB', 'AMCH', 'AGRB']",,MAK
293,PATH,,,IXCB,"['IXCB', 'AMCH', 'KNPH', 'PATH']",,MAK
294,BLRH,,,IXCB,"['IXCB', 'AMCH', 'BLRH']",,MAK
295,BOMH,,,IXCB,"['IXCB', 'AMCH', 'BOMH']",,MAK
296,KNPH,,,IXCB,"['IXCB', 'AMCH', 'KNPH']",,MAK
298,IDRH,,,IXCB,"['IXCB', 'AMCH', 'IDRH']",,MAK
299,AMCH,,,IXCB,"['IXCB', 'AMCH']",,MAK
301,AMCH,,,IXCB,"['IXCB', 'AMCH']",,MAK
302,DELH,,,IXCB,"['IXCB', 'DELH']",,MAK
303,NDAH,,,IXCB,"['IXCB', 'AMCH', 'NDAH']",,MAK
304,LUHB,,,IXCB,"['IXCB', 'AMCH', 'LUHB']",,MAK
305,HDRB,,,IXCB,"['IXCB', 'AMCH', 'HDRB']",,MAK
306,PNQH,,,IXCB,"['IXCB', 'AMCH', 'PNQH']",,MAK
307,VPIH,,,IXCB,"['IXCB', 'AMCH', 'NDAH', 'AMDH', 'VPIH']",,MAK
309,PNPF,,,IXCB,"['IXCB', 'AMCH', 'PNPF']",,MAK
310,SILB,,,IXCB,"['IXCB', 'AMCH', 'CCUH', 'SILB']",,MAK
312,RDPF,,,COKB,"['COKB', 'MAAH', 'MAAH', 'KNPH', 'RDPF']",,MAK
314,UDRF,,,COKB,"['COKB', 'BLRH', 'AMDH', 'UDRF']",,MAK
315,IXCB,,,COKB,"['COKB', 'BLRH', 'AMCH', 'AMCH', 'IXCB']",,MAK
319,AMCH,,,COKB,"['COKB', 'BLRH', 'AMCH']",,MAK
321,AMCH,,,COKB,"['COKB', 'BLRH', 'AMCH', 'AMCH']",,MAK
322,NAGH,,,COKB,"['COKB', 'BLRH', 'HYDH', 'NAGH']",,MAK
323,LUHB,,,COKB,"['COKB', 'BLRH', 'AMCH', 'AMCH', 'LUHB']",,MAK
324,HDRB,,,COKB,"['COKB', 'BLRH', 'AMCH', 'AMCH', 'HDRB']",,MAK
325,SNRH,,,COKB,"['COKB', 'CJBH', 'PNQH', 'SNRH']",,MAK
327,AGRB,,,COKB,"['COKB', 'MAAH', 'MAAH', 'KNPH', 'AGRB']",,MAK
328,PATH,,,COKB,"['COKB', 'BLRH', 'IXRB', 'PATH']",,MAK
329,KNPH,,,COKB,"['COKB', 'MAAH', 'MAAH', 'KNPH']",,MAK
330,AMDH,,,COKB,"['COKB', 'BLRH', 'AMDH']",,MAK
331,VZAH,,,COKB,"['COKB', 'BLRH', 'VZAH']",,MAK
332,BOMH,,,COKB,"['COKB', 'BOMH']",,MAK
333,CCUH,,,COKB,"['COKB', 'BLRH', 'VZAH', 'CCUH']",,MAK
334,HYDH,,,COKB,"['COKB', 'BLRH', 'HYDH']",,MAK
335,IDRH,,,COKB,"['COKB', 'BLRH', 'IDRH']",,MAK
336,JAIH,,,COKB,"['COKB', 'CJBH', 'JAIH']",,MAK
337,IXRB,,,COKB,"['COKB', 'BLRH', 'IXRB']",,MAK
338,MAAH,,,COKB,"['COKB', 'MAAH']",,MAK
339,DELH,,,COKB,"['COKB', 'CJBH', 'DELH']",,MAK
340,NDAH,,,COKB,"['COKB', 'BLRH', 'NDAH']",,MAK
341,BGMH,,,COKB,"['COKB', 'BLRH', 'BGMH']",,MAK
342,BBIH,,,COKB,"['COKB', 'BLRH', 'BBIH']",,MAK
343,PNPF,,,COKB,"['COKB', 'BLRH', 'AMCH', 'AMCH', 'PNPF']",,MAK
344,PNQH,,,COKB,"['COKB', 'CJBH', 'PNQH']",,MAK
345,VPIH,,,COKB,"['COKB', 'BOMH', 'VPIH']",,MAK
346,BLRH,,,COKB,"['COKB', 'BLRH']",,MAK
347,CJBH,,,COKB,"['COKB', 'CJBH']",,MAK
348,SXVF,,,COKB,"['COKB', 'SXVF']",,MAK
349,SILB,,,COKB,"['COKB', 'BLRH', 'IXRB', 'PATH', 'SILB']",,MAK
351,VZAH,,,RDPF,"['RDPF', 'KNPH', 'HYDH', 'VZAH']",,MAK
352,CJBH,,,RDPF,"['RDPF', 'KNPH', 'BLRH', 'CJBH']",,MAK
353,COKB,,,RDPF,"['RDPF', 'KNPH', 'BLRH', 'COKB']",,MAK
354,SXVF,,,RDPF,"['RDPF', 'KNPH', 'BLRH', 'SXVF']",,MAK
359,MAAH,,,RDPF,"['RDPF', 'KNPH', 'HYDH', 'MAAH']",,MAK
360,NAGH,,,RDPF,"['RDPF', 'KNPH', 'IDRH', 'NAGH']",,MAK
361,BGMH,,,RDPF,"['RDPF', 'KNPH', 'PNQH', 'BGMH']",,MAK
362,BBIH,,,RDPF,"['RDPF', 'KNPH', 'PATH', 'IXRB', 'BBIH']",,MAK
363,SNRH,,,RDPF,"['RDPF', 'KNPH', 'SNRH']",,MAK
364,UDRF,,,RDPF,"['RDPF', 'NDAH', 'DELH', 'JAIH', 'UDRF']",,MAK
365,BLRH,,,RDPF,"['RDPF', 'KNPH', 'BLRH']",,MAK
366,HYDH,,,RDPF,"['RDPF', 'KNPH', 'HYDH']",,MAK
367,AMDH,,,RDPF,"['RDPF', 'NDAH', 'DELH', 'AMDH']",,MAK
368,BOMH,,,RDPF,"['RDPF', 'KNPH', 'BOMH']",,MAK
369,CCUH,,,RDPF,"['RDPF', 'KNPH', 'CCUH']",,MAK
370,IXCB,,,RDPF,"['RDPF', 'NDAH', 'AMCH', 'AMCH', 'IXCB']",,MAK
372,AMCH,,,RDPF,"['RDPF', 'NDAH', 'AMCH']",,MAK
373,IDRH,,,RDPF,"['RDPF', 'KNPH', 'IDRH']",,MAK
374,AMCH,,,RDPF,"['RDPF', 'NDAH', 'AMCH', 'AMCH']",,MAK
375,LUHB,,,RDPF,"['RDPF', 'NDAH', 'AMCH', 'AMCH', 'LUHB']",,MAK
376,HDRB,,,RDPF,"['RDPF', 'NDAH', 'DELH', 'HDRB']",,MAK
378,JAIH,,,RDPF,"['RDPF', 'NDAH', 'DELH', 'JAIH']",,MAK
379,IXRB,,,RDPF,"['RDPF', 'KNPH', 'PATH', 'IXRB']",,MAK
380,PNQH,,,RDPF,"['RDPF', 'KNPH', 'PNQH']",,MAK
381,VPIH,,,RDPF,"['RDPF', 'NDAH', 'DELH', 'VPIH']",,MAK
382,PATH,,,RDPF,"['RDPF', 'KNPH', 'PATH']",,MAK
383,KNPH,,,RDPF,"['RDPF', 'KNPH']",,MAK
384,DELH,,,RDPF,"['RDPF', 'NDAH', 'DELH']",,MAK
385,PNPF,,,RDPF,"['RDPF', 'NDAH', 'AMCH', 'AMCH', 'PNPF']",,MAK
386,AGRB,,,RDPF,"['RDPF', 'NDAH', 'AGRB']",,MAK
387,NDAH,,,RDPF,"['RDPF', 'NDAH']",,MAK
388,SILB,,,RDPF,"['RDPF', 'KNPH', 'PATH', 'SILB']",,MAK
471,AMDH,,,AMCH,"['AMCH', 'NDAH', 'AMDH']",,MAK
473,AMDH,,,LUHB,"['LUHB', 'AMCH', 'NDAH', 'AMDH']",,MAK
481,AMDH,,,HDRB,"['HDRB', 'DELH', 'AMDH']",,MAK
497,CCUH,,,AMCH,"['AMCH', 'CCUH']",,MAK
507,RDPF,,,HYDH,"['HYDH', 'KNPH', 'RDPF']",,MAK
509,IXCB,,,HYDH,"['HYDH', 'AMCH', 'AMCH', 'IXCB']",,MAK
511,AMCH,,,HYDH,"['HYDH', 'AMCH']",,MAK
512,AMCH,,,HYDH,"['HYDH', 'AMCH', 'AMCH']",,MAK
513,LUHB,,,HYDH,"['HYDH', 'AMCH', 'AMCH', 'LUHB']",,MAK
514,HDRB,,,HYDH,"['HYDH', 'AMCH', 'AMCH', 'HDRB']",,MAK
516,PATH,,,HYDH,"['HYDH', 'VZAH', 'IXRB', 'PATH']",,MAK
517,UDRF,,,HYDH,"['HYDH', 'AMDH', 'UDRF']",,MAK
518,CJBH,,,HYDH,"['HYDH', 'BLRH', 'CJBH']",,MAK
519,CCUH,,,HYDH,"['HYDH', 'CCUH']",,MAK
521,COKB,,,HYDH,"['HYDH', 'BLRH', 'COKB']",,MAK
523,SXVF,,,HYDH,"['HYDH', 'BLRH', 'SXVF']",,MAK
525,JAIH,,,HYDH,"['HYDH', 'JAIH']",,MAK
526,IXRB,,,HYDH,"['HYDH', 'VZAH', 'IXRB']",,MAK
527,BGMH,,,HYDH,"['HYDH', 'BLRH', 'BGMH']",,MAK
528,BBIH,,,HYDH,"['HYDH', 'NAGH', 'BBIH']",,MAK
529,VPIH,,,HYDH,"['HYDH', 'BOMH', 'VPIH']",,MAK
530,SNRH,,,HYDH,"['HYDH', 'PNQH', 'SNRH']",,MAK
531,AGRB,,,HYDH,"['HYDH', 'KNPH', 'AGRB']",,MAK
532,KNPH,,,HYDH,"['HYDH', 'KNPH']",,MAK
533,AMDH,,,HYDH,"['HYDH', 'AMDH']",,MAK
534,VZAH,,,HYDH,"['HYDH', 'VZAH']",,MAK
535,BLRH,,,HYDH,"['HYDH', 'BLRH']",,MAK
536,BOMH,,,HYDH,"['HYDH', 'BOMH']",,MAK
537,IDRH,,,HYDH,"['HYDH', 'IDRH']",,MAK
538,MAAH,,,HYDH,"['HYDH', 'MAAH']",,MAK
539,NAGH,,,HYDH,"['HYDH', 'NAGH']",,MAK
540,DELH,,,HYDH,"['HYDH', 'DELH']",,MAK
541,NDAH,,,HYDH,"['HYDH', 'NDAH']",,MAK
542,PNPF,,,HYDH,"['HYDH', 'AMCH', 'AMCH', 'PNPF']",,MAK
543,PNQH,,,HYDH,"['HYDH', 'PNQH']",,MAK
544,SILB,,,HYDH,"['HYDH', 'VZAH', 'CCUH', 'SILB']",,MAK
546,IDRH,,,JAIH,"['JAIH', 'DELH', 'IDRH']",,MAK
548,IDRH,,,DELH,"['DELH', 'IDRH']",,MAK
549,IDRH,,,NDAH,"['NDAH', 'IDRH']",,MAK
550,IDRH,,,PNPF,"['PNPF', 'DELH', 'IDRH']",,MAK
551,IDRH,,,UDRF,"['UDRF', 'JAIH', 'DELH', 'IDRH']",,MAK
552,IXCB,,,IDRH,"['IDRH', 'DELH', 'AMCH', 'AMCH', 'IXCB']",,MAK
553,RDPF,,,IDRH,"['IDRH', 'DELH', 'NDAH', 'RDPF']",,MAK
555,UDRF,,,IDRH,"['IDRH', 'AMDH', 'UDRF']",,MAK
556,IXRB,,,IDRH,"['IDRH', 'NAGH', 'BBIH', 'IXRB']",,MAK
557,BBIH,,,IDRH,"['IDRH', 'NAGH', 'BBIH']",,MAK
558,VZAH,,,IDRH,"['IDRH', 'HYDH', 'VZAH']",,MAK
559,CJBH,,,IDRH,"['IDRH', 'PNQH', 'CJBH']",,MAK
560,CCUH,,,IDRH,"['IDRH', 'BOMH', 'CCUH']",,MAK
561,COKB,,,IDRH,"['IDRH', 'PNQH', 'CJBH', 'COKB']",,MAK
563,SXVF,,,IDRH,"['IDRH', 'PNQH', 'SXVF']",,MAK
564,BGMH,,,IDRH,"['IDRH', 'PNQH', 'BGMH']",,MAK
565,VPIH,,,IDRH,"['IDRH', 'VPIH']",,MAK
566,PATH,,,IDRH,"['IDRH', 'DELH', 'PATH']",,MAK
568,AMDH,,,IDRH,"['IDRH', 'AMDH']",,MAK
569,BLRH,,,IDRH,"['IDRH', 'BLRH']",,MAK
570,BOMH,,,IDRH,"['IDRH', 'BOMH']",,MAK
571,KNPH,,,IDRH,"['IDRH', 'KNPH']",,MAK
572,HYDH,,,IDRH,"['IDRH', 'HYDH']",,MAK
574,JAIH,,,IDRH,"['IDRH', 'JAIH']",,MAK
575,MAAH,,,IDRH,"['IDRH', 'HYDH', 'MAAH']",,MAK
576,NAGH,,,IDRH,"['IDRH', 'NAGH']",,MAK
577,AMCH,,,IDRH,"['IDRH', 'DELH', 'AMCH']",,MAK
578,AMCH,,,IDRH,"['IDRH', 'DELH', 'AMCH', 'AMCH']",,MAK
579,DELH,,,IDRH,"['IDRH', 'DELH']",,MAK
580,PNQH,,,IDRH,"['IDRH', 'PNQH']",,MAK
581,SNRH,,,IDRH,"['IDRH', 'SNRH']",,MAK
582,NDAH,,,IDRH,"['IDRH', 'DELH', 'NDAH']",,MAK
583,SILB,,,IDRH,"['IDRH', 'DELH', 'SILB']",,MAK
585,VZAH,,,AMCH,"['AMCH', 'HYDH', 'VZAH']",,MAK
587,BBIH,,,AMCH,"['AMCH', 'DELH', 'IXRB', 'BBIH']",,MAK
591,CJBH,,,AMCH,"['AMCH', 'BLRH', 'CJBH']",,MAK
593,COKB,,,AMCH,"['AMCH', 'AGRB', 'MAAH', 'MAAH', 'COKB']",,MAK
594,RDPF,,,AMCH,"['AMCH', 'KNPH', 'RDPF']",,MAK
596,HYDH,,,AMCH,"['AMCH', 'HYDH']",,MAK
597,SXVF,,,AMCH,"['AMCH', 'BLRH', 'SXVF']",,MAK
599,IXRB,,,AMCH,"['AMCH', 'DELH', 'IXRB']",,MAK
600,MAAH,,,AMCH,"['AMCH', 'MAAH']",,MAK
601,NAGH,,,AMCH,"['AMCH', 'DELH', 'NAGH']",,MAK
602,BGMH,,,AMCH,"['AMCH', 'PNQH', 'BGMH']",,MAK
603,SNRH,,,AMCH,"['AMCH', 'SNRH']",,MAK
604,AGRB,,,AMCH,"['AMCH', 'AGRB']",,MAK
605,PATH,,,AMCH,"['AMCH', 'KNPH', 'PATH']",,MAK
606,BLRH,,,AMCH,"['AMCH', 'BLRH']",,MAK
607,BOMH,,,AMCH,"['AMCH', 'BOMH']",,MAK
608,IXCB,,,AMCH,"['AMCH', 'IXCB']",,MAK
609,KNPH,,,AMCH,"['AMCH', 'KNPH']",,MAK
611,IDRH,,,AMCH,"['AMCH', 'IDRH']",,MAK
613,AMCH,,,AMCH,['AMCH'],,MAK
615,DELH,,,AMCH,"['AMCH', 'DELH']",,MAK
616,LUHB,,,AMCH,"['AMCH', 'LUHB']",,MAK
617,HDRB,,,AMCH,"['AMCH', 'HDRB']",,MAK
618,PNQH,,,AMCH,"['AMCH', 'PNQH']",,MAK
619,VPIH,,,AMCH,"['AMCH', 'NDAH', 'AMDH', 'VPIH']",,MAK
621,PNPF,,,AMCH,"['AMCH', 'PNPF']",,MAK
622,SILB,,,AMCH,"['AMCH', 'CCUH', 'SILB']",,MAK
624,RDPF,,,SXVF,"['SXVF', 'MAAH', 'MAAH', 'KNPH', 'RDPF']",,MAK
626,UDRF,,,SXVF,"['SXVF', 'BLRH', 'AMDH', 'UDRF']",,MAK
627,IXCB,,,SXVF,"['SXVF', 'BLRH', 'AMCH', 'AMCH', 'IXCB']",,MAK
631,AMCH,,,SXVF,"['SXVF', 'BLRH', 'AMCH']",,MAK
633,AMCH,,,SXVF,"['SXVF', 'BLRH', 'AMCH', 'AMCH']",,MAK
634,NAGH,,,SXVF,"['SXVF', 'BLRH', 'HYDH', 'NAGH']",,MAK
635,LUHB,,,SXVF,"['SXVF', 'BLRH', 'AMCH', 'AMCH', 'LUHB']",,MAK
636,HDRB,,,SXVF,"['SXVF', 'BLRH', 'AMCH', 'AMCH', 'HDRB']",,MAK
637,SNRH,,,SXVF,"['SXVF', 'PNQH', 'SNRH']",,MAK
639,AGRB,,,SXVF,"['SXVF', 'MAAH', 'MAAH', 'KNPH', 'AGRB']",,MAK
640,PATH,,,SXVF,"['SXVF', 'BLRH', 'IXRB', 'PATH']",,MAK
641,KNPH,,,SXVF,"['SXVF', 'MAAH', 'MAAH', 'KNPH']",,MAK
642,AMDH,,,SXVF,"['SXVF', 'BLRH', 'AMDH']",,MAK
643,VZAH,,,SXVF,"['SXVF', 'BLRH', 'VZAH']",,MAK
644,BOMH,,,SXVF,"['SXVF', 'BOMH']",,MAK
645,CCUH,,,SXVF,"['SXVF', 'BLRH', 'VZAH', 'CCUH']",,MAK
646,HYDH,,,SXVF,"['SXVF', 'BLRH', 'HYDH']",,MAK
647,IDRH,,,SXVF,"['SXVF', 'BLRH', 'IDRH']",,MAK
648,JAIH,,,SXVF,"['SXVF', 'JAIH']",,MAK
649,IXRB,,,SXVF,"['SXVF', 'BLRH', 'IXRB']",,MAK
650,DELH,,,SXVF,"['SXVF', 'DELH']",,MAK
651,NDAH,,,SXVF,"['SXVF', 'BLRH', 'NDAH']",,MAK
652,BGMH,,,SXVF,"['SXVF', 'BLRH', 'BGMH']",,MAK
653,BBIH,,,SXVF,"['SXVF', 'BLRH', 'BBIH']",,MAK
654,PNPF,,,SXVF,"['SXVF', 'BLRH', 'AMCH', 'AMCH', 'PNPF']",,MAK
655,PNQH,,,SXVF,"['SXVF', 'PNQH']",,MAK
656,VPIH,,,SXVF,"['SXVF', 'BLRH', 'VPIH']",,MAK
657,BLRH,,,SXVF,"['SXVF', 'BLRH']",,MAK
658,CJBH,,,SXVF,"['SXVF', 'CJBH']",,MAK
659,COKB,,,SXVF,"['SXVF', 'COKB']",,MAK
660,MAAH,,,SXVF,"['SXVF', 'MAAH']",,MAK
661,SILB,,,SXVF,"['SXVF', 'BLRH', 'IXRB', 'PATH', 'SILB']",,MAK
684,SNRH,,,DELH,"['DELH', 'SNRH']",,MAK
687,NDAH,,,BGMH,"['BGMH', 'PNQH', 'NDAH']",,MAK
694,BOMH,,,NDAH,"['NDAH', 'BOMH']",,MAK
695,NDAH,,,PNQH,"['PNQH', 'NDAH']",,MAK
702,VZAH,,,JAIH,"['JAIH', 'BOMH', 'VZAH']",,MAK
703,CJBH,,,JAIH,"['JAIH', 'BOMH', 'CJBH']",,MAK
704,COKB,,,JAIH,"['JAIH', 'BOMH', 'COKB']",,MAK
705,RDPF,,,JAIH,"['JAIH', 'DELH', 'NDAH', 'RDPF']",,MAK
707,SXVF,,,JAIH,"['JAIH', 'BOMH', 'SXVF']",,MAK
708,BBIH,,,JAIH,"['JAIH', 'AMDH', 'IXRB', 'BBIH']",,MAK
709,PATH,,,JAIH,"['JAIH', 'DELH', 'PATH']",,MAK
711,BLRH,,,JAIH,"['JAIH', 'BOMH', 'BLRH']",,MAK
712,CCUH,,,JAIH,"['JAIH', 'AMDH', 'CCUH']",,MAK
713,IXCB,,,JAIH,"['JAIH', 'DELH', 'IXCB']",,MAK
714,KNPH,,,JAIH,"['JAIH', 'DELH', 'KNPH']",,MAK
717,HYDH,,,JAIH,"['JAIH', 'BOMH', 'HYDH']",,MAK
718,AMCH,,,JAIH,"['JAIH', 'DELH', 'AMCH']",,MAK
720,AMCH,,,JAIH,"['JAIH', 'DELH', 'AMCH', 'AMCH']",,MAK
721,IXRB,,,JAIH,"['JAIH', 'AMDH', 'IXRB']",,MAK
722,MAAH,,,JAIH,"['JAIH', 'BOMH', 'MAAH']",,MAK
723,NAGH,,,JAIH,"['JAIH', 'DELH', 'NAGH']",,MAK
724,BGMH,,,JAIH,"['JAIH', 'BOMH', 'BGMH']",,MAK
725,LUHB,,,JAIH,"['JAIH', 'DELH', 'LUHB']",,MAK
726,HDRB,,,JAIH,"['JAIH', 'DELH', 'HDRB']",,MAK
727,VPIH,,,JAIH,"['JAIH', 'AMDH', 'VPIH']",,MAK
728,SNRH,,,JAIH,"['JAIH', 'BOMH', 'SNRH']",,MAK
730,AGRB,,,JAIH,"['JAIH', 'DELH', 'AGRB']",,MAK
731,UDRF,,,JAIH,"['JAIH', 'UDRF']",,MAK
732,AMDH,,,JAIH,"['JAIH', 'AMDH']",,MAK
733,BOMH,,,JAIH,"['JAIH', 'BOMH']",,MAK
734,LUHB,,,IDRH,"['IDRH', 'DELH', 'AMCH', 'AMCH', 'LUHB']",,MAK
735,DELH,,,JAIH,"['JAIH', 'DELH']",,MAK
736,NDAH,,,JAIH,"['JAIH', 'DELH', 'NDAH']",,MAK
737,PNPF,,,JAIH,"['JAIH', 'DELH', 'AMCH', 'AMCH', 'PNPF']",,MAK
738,PNQH,,,JAIH,"['JAIH', 'BOMH', 'PNQH']",,MAK
739,SILB,,,JAIH,"['JAIH', 'AMDH', 'CCUH', 'SILB']",,MAK
741,VZAH,,,AMCH,"['AMCH', 'HYDH', 'VZAH']",,MAK
743,BBIH,,,AMCH,"['AMCH', 'DELH', 'IXRB', 'BBIH']",,MAK
747,CJBH,,,AMCH,"['AMCH', 'BLRH', 'CJBH']",,MAK
748,CCUH,,,AMCH,"['AMCH', 'CCUH']",,MAK
749,COKB,,,AMCH,"['AMCH', 'AGRB', 'MAAH', 'MAAH', 'COKB']",,MAK
750,RDPF,,,AMCH,"['AMCH', 'KNPH', 'RDPF']",,MAK
752,HYDH,,,AMCH,"['AMCH', 'HYDH']",,MAK
753,SXVF,,,AMCH,"['AMCH', 'BLRH', 'SXVF']",,MAK
755,IXRB,,,AMCH,"['AMCH', 'DELH', 'IXRB']",,MAK
756,MAAH,,,AMCH,"['AMCH', 'MAAH']",,MAK
757,NAGH,,,AMCH,"['AMCH', 'DELH', 'NAGH']",,MAK
758,BGMH,,,AMCH,"['AMCH', 'PNQH', 'BGMH']",,MAK
759,SNRH,,,AMCH,"['AMCH', 'SNRH']",,MAK
760,AGRB,,,AMCH,"['AMCH', 'AGRB']",,MAK
761,PATH,,,AMCH,"['AMCH', 'KNPH', 'PATH']",,MAK
762,BLRH,,,AMCH,"['AMCH', 'BLRH']",,MAK
763,BOMH,,,AMCH,"['AMCH', 'BOMH']",,MAK
764,IXCB,,,AMCH,"['AMCH', 'IXCB']",,MAK
765,KNPH,,,AMCH,"['AMCH', 'KNPH']",,MAK
767,IDRH,,,AMCH,"['AMCH', 'IDRH']",,MAK
768,AMCH,,,AMCH,['AMCH'],,MAK
770,DELH,,,AMCH,"['AMCH', 'DELH']",,MAK
771,NDAH,,,AMCH,"['AMCH', 'NDAH']",,MAK
772,LUHB,,,AMCH,"['AMCH', 'LUHB']",,MAK
773,HDRB,,,AMCH,"['AMCH', 'HDRB']",,MAK
774,PNQH,,,AMCH,"['AMCH', 'PNQH']",,MAK
775,VPIH,,,AMCH,"['AMCH', 'NDAH', 'AMDH', 'VPIH']",,MAK
777,PNPF,,,AMCH,"['AMCH', 'DELH', 'PNPF']",,MAK
778,SILB,,,AMCH,"['AMCH', 'CCUH', 'SILB']",,MAK
781,AMDH,,,IXRB,"['IXRB', 'AMDH']",,MAK
782,IXCB,,,IXRB,"['IXRB', 'NDAH', 'AMCH', 'AMCH', 'IXCB']",,MAK
784,AMCH,,,IXRB,"['IXRB', 'NDAH', 'AMCH', 'AMCH']",,MAK
785,LUHB,,,IXRB,"['IXRB', 'NDAH', 'AMCH', 'AMCH', 'LUHB']",,MAK
786,RDPF,,,IXRB,"['IXRB', 'PATH', 'KNPH', 'RDPF']",,MAK
788,AMCH,,,IXRB,"['IXRB', 'NDAH', 'AMCH']",,MAK
789,PNQH,,,IXRB,"['IXRB', 'BOMH', 'PNQH']",,MAK
790,VPIH,,,IXRB,"['IXRB', 'BOMH', 'VPIH']",,MAK
791,SNRH,,,IXRB,"['IXRB', 'BOMH', 'SNRH']",,MAK
792,UDRF,,,IXRB,"['IXRB', 'AMDH', 'UDRF']",,MAK
793,IDRH,,,IXRB,"['IXRB', 'BBIH', 'NAGH', 'IDRH']",,MAK
794,VZAH,,,IXRB,"['IXRB', 'VZAH']",,MAK
795,BOMH,,,IXRB,"['IXRB', 'BOMH']",,MAK
796,CJBH,,,IXRB,"['IXRB', 'BLRH', 'CJBH']",,MAK
797,COKB,,,IXRB,"['IXRB', 'BLRH', 'COKB']",,MAK
799,HYDH,,,IXRB,"['IXRB', 'VZAH', 'HYDH']",,MAK
800,SXVF,,,IXRB,"['IXRB', 'BLRH', 'SXVF']",,MAK
802,JAIH,,,IXRB,"['IXRB', 'AMDH', 'JAIH']",,MAK
803,NAGH,,,IXRB,"['IXRB', 'BBIH', 'NAGH']",,MAK
804,NDAH,,,IXRB,"['IXRB', 'NDAH']",,MAK
805,BGMH,,,IXRB,"['IXRB', 'BLRH', 'BGMH']",,MAK
806,AGRB,,,IXRB,"['IXRB', 'PATH', 'KNPH', 'AGRB']",,MAK
807,BLRH,,,IXRB,"['IXRB', 'BLRH']",,MAK
808,CCUH,,,IXRB,"['IXRB', 'BBIH', 'CCUH']",,MAK
810,KNPH,,,IXRB,"['IXRB', 'PATH', 'KNPH']",,MAK
811,MAAH,,,IXRB,"['IXRB', 'VZAH', 'MAAH']",,MAK
812,DELH,,,IXRB,"['IXRB', 'NDAH', 'DELH']",,MAK
813,HDRB,,,IXRB,"['IXRB', 'NDAH', 'DELH', 'HDRB']",,MAK
814,BBIH,,,IXRB,"['IXRB', 'BBIH']",,MAK
815,PNPF,,,IXRB,"['IXRB', 'NDAH', 'AMCH', 'AMCH', 'PNPF']",,MAK
816,PATH,,,IXRB,"['IXRB', 'PATH']",,MAK
817,SILB,,,IXRB,"['IXRB', 'CCUH', 'SILB']",,MAK
820,BGMH,,,KNPH,"['KNPH', 'PNQH', 'BGMH']",,MAK
821,UDRF,,,KNPH,"['KNPH', 'DELH', 'JAIH', 'UDRF']",,MAK
822,VZAH,,,KNPH,"['KNPH', 'HYDH', 'VZAH']",,MAK
823,CJBH,,,KNPH,"['KNPH', 'BLRH', 'CJBH']",,MAK
824,COKB,,,KNPH,"['KNPH', 'BLRH', 'COKB']",,MAK
825,SXVF,,,KNPH,"['KNPH', 'BLRH', 'SXVF']",,MAK
827,AMDH,,,KNPH,"['KNPH', 'DELH', 'AMDH']",,MAK
828,RDPF,,,KNPH,"['KNPH', 'RDPF']",,MAK
830,IXCB,,,KNPH,"['KNPH', 'AMCH', 'AMCH', 'IXCB']",,MAK
832,AMCH,,,KNPH,"['KNPH', 'AMCH']",,MAK
833,AMCH,,,KNPH,"['KNPH', 'AMCH', 'AMCH']",,MAK
834,LUHB,,,KNPH,"['KNPH', 'AMCH', 'AMCH', 'LUHB']",,MAK
835,HDRB,,,KNPH,"['KNPH', 'DELH', 'HDRB']",,MAK
838,JAIH,,,KNPH,"['KNPH', 'DELH', 'JAIH']",,MAK
839,MAAH,,,KNPH,"['KNPH', 'HYDH', 'MAAH']",,MAK
840,NAGH,,,KNPH,"['KNPH', 'IDRH', 'NAGH']",,MAK
841,BBIH,,,KNPH,"['KNPH', 'PATH', 'IXRB', 'BBIH']",,MAK
842,PNQH,,,KNPH,"['KNPH', 'PNQH']",,MAK
843,VPIH,,,KNPH,"['KNPH', 'BOMH', 'VPIH']",,MAK
844,SNRH,,,KNPH,"['KNPH', 'SNRH']",,MAK
845,BLRH,,,KNPH,"['KNPH', 'BLRH']",,MAK
846,HYDH,,,KNPH,"['KNPH', 'HYDH']",,MAK
847,BOMH,,,KNPH,"['KNPH', 'BOMH']",,MAK
848,CCUH,,,KNPH,"['KNPH', 'CCUH']",,MAK
849,IDRH,,,KNPH,"['KNPH', 'IDRH']",,MAK
850,IXRB,,,KNPH,"['KNPH', 'PATH', 'IXRB']",,MAK
851,DELH,,,KNPH,"['KNPH', 'DELH']",,MAK
852,NDAH,,,KNPH,"['KNPH', 'DELH', 'NDAH']",,MAK
853,PNPF,,,KNPH,"['KNPH', 'DELH', 'AMCH', 'AMCH', 'PNPF']",,MAK
854,AGRB,,,KNPH,"['KNPH', 'AGRB']",,MAK
855,PATH,,,KNPH,"['KNPH', 'PATH']",,MAK
856,SILB,,,KNPH,"['KNPH', 'PATH', 'SILB']",,MAK
897,RDPF,,,MAAH,"['MAAH', 'KNPH', 'RDPF']",,MAK
899,IXCB,,,MAAH,"['MAAH', 'AMCH', 'AMCH', 'IXCB']",,MAK
901,AMCH,,,MAAH,"['MAAH', 'AMCH']",,MAK
902,AMCH,,,MAAH,"['MAAH', 'AMCH', 'AMCH']",,MAK
903,LUHB,,,MAAH,"['MAAH', 'AMCH', 'AMCH', 'LUHB']",,MAK
904,HDRB,,,MAAH,"['MAAH', 'AMCH', 'AMCH', 'HDRB']",,MAK
906,UDRF,,,MAAH,"['MAAH', 'AMDH', 'UDRF']",,MAK
908,CJBH,,,MAAH,"['MAAH', 'SXVF', 'CJBH']",,MAK
909,COKB,,,MAAH,"['MAAH', 'COKB']",,MAK
910,KNPH,,,MAAH,"['MAAH', 'KNPH']",,MAK
913,JAIH,,,MAAH,"['MAAH', 'JAIH']",,MAK
914,NAGH,,,MAAH,"['MAAH', 'HYDH', 'NAGH']",,MAK
915,BGMH,,,MAAH,"['MAAH', 'BLRH', 'BGMH']",,MAK
916,BBIH,,,MAAH,"['MAAH', 'VZAH', 'BBIH']",,MAK
917,VPIH,,,MAAH,"['MAAH', 'BLRH', 'VPIH']",,MAK
918,SNRH,,,MAAH,"['MAAH', 'PNQH', 'SNRH']",,MAK
919,AGRB,,,MAAH,"['MAAH', 'KNPH', 'AGRB']",,MAK
920,PATH,,,MAAH,"['MAAH', 'VZAH', 'IXRB', 'PATH']",,MAK
921,AMDH,,,MAAH,"['MAAH', 'AMDH']",,MAK
922,VZAH,,,MAAH,"['MAAH', 'VZAH']",,MAK
923,BLRH,,,MAAH,"['MAAH', 'BLRH']",,MAK
924,BOMH,,,MAAH,"['MAAH', 'BOMH']",,MAK
925,CCUH,,,MAAH,"['MAAH', 'CCUH']",,MAK
926,HYDH,,,MAAH,"['MAAH', 'HYDH']",,MAK
927,IDRH,,,MAAH,"['MAAH', 'HYDH', 'IDRH']",,MAK
928,SXVF,,,MAAH,"['MAAH', 'SXVF']",,MAK
929,IXRB,,,MAAH,"['MAAH', 'VZAH', 'IXRB']",,MAK
930,DELH,,,MAAH,"['MAAH', 'DELH']",,MAK
931,NDAH,,,MAAH,"['MAAH', 'NDAH']",,MAK
932,PNPF,,,MAAH,"['MAAH', 'AMCH', 'AMCH', 'PNPF']",,MAK
933,PNQH,,,MAAH,"['MAAH', 'PNQH']",,MAK
934,SILB,,,MAAH,"['MAAH', 'VZAH', 'IXRB', 'CCUH', 'SILB']",,MAK
936,HDRB,,,IDRH,"['IDRH', 'DELH', 'HDRB']",,MAK
938,IXCB,,,NAGH,"['NAGH', 'DELH', 'AMCH', 'AMCH', 'IXCB']",,MAK
940,AMCH,,,NAGH,"['NAGH', 'DELH', 'AMCH']",,MAK
941,AMCH,,,NAGH,"['NAGH', 'DELH', 'AMCH', 'AMCH']",,MAK
942,LUHB,,,NAGH,"['NAGH', 'DELH', 'AMCH', 'AMCH', 'LUHB']",,MAK
943,HDRB,,,NAGH,"['NAGH', 'DELH', 'HDRB']",,MAK
945,CJBH,,,NAGH,"['NAGH', 'HYDH', 'BLRH', 'CJBH']",,MAK
946,CCUH,,,NAGH,"['NAGH', 'CCUH']",,MAK
947,COKB,,,NAGH,"['NAGH', 'HYDH', 'BLRH', 'COKB']",,MAK
948,SXVF,,,NAGH,"['NAGH', 'HYDH', 'BLRH', 'SXVF']",,MAK
949,PATH,,,NAGH,"['NAGH', 'DELH', 'PATH']",,MAK
950,AMDH,,,NAGH,"['NAGH', 'IDRH', 'AMDH']",,MAK
951,VZAH,,,NAGH,"['NAGH', 'HYDH', 'VZAH']",,MAK
952,BLRH,,,NAGH,"['NAGH', 'HYDH', 'BLRH']",,MAK
953,KNPH,,,NAGH,"['NAGH', 'IDRH', 'KNPH']",,MAK
955,JAIH,,,NAGH,"['NAGH', 'JAIH']",,MAK
956,IXRB,,,NAGH,"['NAGH', 'BBIH', 'IXRB']",,MAK
957,MAAH,,,NAGH,"['NAGH', 'HYDH', 'MAAH']",,MAK
958,DELH,,,NAGH,"['NAGH', 'DELH']",,MAK
959,NDAH,,,NAGH,"['NAGH', 'DELH', 'NDAH']",,MAK
960,BGMH,,,NAGH,"['NAGH', 'PNQH', 'BGMH']",,MAK
961,BBIH,,,NAGH,"['NAGH', 'BBIH']",,MAK
962,PNPF,,,NAGH,"['NAGH', 'DELH', 'AMCH', 'AMCH', 'PNPF']",,MAK
963,VPIH,,,NAGH,"['NAGH', 'VPIH']",,MAK
964,UDRF,,,NAGH,"['NAGH', 'JAIH']",,MAK
965,SNRH,,,NAGH,"['NAGH', 'PNQH', 'SNRH']",,MAK
966,AGRB,,,NAGH,"['NAGH', 'DELH', 'AGRB']",,MAK
967,BOMH,,,NAGH,"['NAGH', 'BOMH']",,MAK
969,HYDH,,,NAGH,"['NAGH', 'HYDH']",,MAK
970,IDRH,,,NAGH,"['NAGH', 'IDRH']",,MAK
972,PNQH,,,NAGH,"['NAGH', 'PNQH']",,MAK
973,SILB,,,NAGH,"['NAGH', 'CCUH', 'SILB']",,MAK
975,VZAH,,,DELH,"['DELH', 'HYDH', 'VZAH']",,MAK
976,CJBH,,,DELH,"['DELH', 'CJBH']",,MAK
978,IXCB,,,DELH,"['DELH', 'IXCB']",,MAK
979,COKB,,,DELH,"['DELH', 'CJBH', 'COKB']",,MAK
980,RDPF,,,DELH,"['DELH', 'NDAH', 'RDPF']",,MAK
983,NDAH,,,AMCH,"['AMCH', 'NDAH']",,MAK
985,SXVF,,,DELH,"['DELH', 'SXVF']",,MAK
986,PNQH,,,NDAH,"['NDAH', 'PNQH']",,MAK
987,AMCH,,,DELH,"['DELH', 'AMCH', 'AMCH']",,MAK
988,BGMH,,,DELH,"['DELH', 'PNQH', 'BGMH']",,MAK
989,LUHB,,,DELH,"['DELH', 'LUHB']",,MAK
990,HDRB,,,DELH,"['DELH', 'HDRB']",,MAK
991,BBIH,,,DELH,"['DELH', 'IXRB', 'BBIH']",,MAK
992,SNRH,,,NDAH,"['NDAH', 'SNRH']",,MAK
993,AMCH,,,DELH,"['DELH', 'AMCH']",,MAK
994,PATH,,,DELH,"['DELH', 'PATH']",,MAK
995,UDRF,,,DELH,"['DELH', 'JAIH', 'UDRF']",,MAK
996,AMDH,,,DELH,"['DELH', 'AMDH']",,MAK
997,BLRH,,,DELH,"['DELH', 'BLRH']",,MAK
998,BOMH,,,DELH,"['DELH', 'BOMH']",,MAK
999,CCUH,,,DELH,"['DELH', 'CCUH']",,MAK
1000,KNPH,,,DELH,"['DELH', 'KNPH']",,MAK
1001,HYDH,,,DELH,"['DELH', 'HYDH']",,MAK
1002,PNPF,,,IDRH,"['IDRH', 'DELH', 'AMCH', 'AMCH', 'PNPF']",,MAK
1003,JAIH,,,DELH,"['DELH', 'JAIH']",,MAK
1004,IXRB,,,DELH,"['DELH', 'IXRB']",,MAK
1005,MAAH,,,DELH,"['DELH', 'MAAH']",,MAK
1006,NAGH,,,DELH,"['DELH', 'NAGH']",,MAK
1007,NDAH,,,DELH,"['DELH', 'NDAH']",,MAK
1008,PNPF,,,DELH,"['DELH', 'AMCH', 'AMCH', 'PNPF']",,MAK
1009,PNQH,,,DELH,"['DELH', 'PNQH']",,MAK
1010,VPIH,,,DELH,"['DELH', 'VPIH']",,MAK
1011,AGRB,,,DELH,"['DELH', 'AGRB']",,MAK
1012,SILB,,,DELH,"['DELH', 'SILB']",,MAK
1014,VZAH,,,NDAH,"['NDAH', 'HYDH', 'VZAH']",,MAK
1015,CJBH,,,NDAH,"['NDAH', 'BLRH', 'CJBH']",,MAK
1017,COKB,,,NDAH,"['NDAH', 'AGRB', 'MAAH', 'MAAH', 'COKB']",,MAK
1020,SXVF,,,NDAH,"['NDAH', 'BLRH', 'SXVF']",,MAK
1022,BGMH,,,NDAH,"['NDAH', 'PNQH', 'BGMH']",,MAK
1023,BBIH,,,NDAH,"['NDAH', 'DELH', 'IXRB', 'BBIH']",,MAK
1024,SNRH,,,PNPF,"['PNPF', 'DELH', 'SNRH']",,MAK
1025,UDRF,,,NDAH,"['NDAH', 'DELH', 'JAIH', 'UDRF']",,MAK
1026,AMDH,,,NDAH,"['NDAH', 'AMDH']",,MAK
1027,BLRH,,,NDAH,"['NDAH', 'BLRH']",,MAK
1028,NDAH,,,BOMH,"['BOMH', 'NDAH']",,MAK
1029,CCUH,,,NDAH,"['NDAH', 'CCUH']",,MAK
1030,IXCB,,,NDAH,"['NDAH', 'AMCH', 'AMCH', 'IXCB']",,MAK
1032,HYDH,,,NDAH,"['NDAH', 'HYDH']",,MAK
1035,JAIH,,,NDAH,"['NDAH', 'DELH', 'JAIH']",,MAK
1036,AMCH,,,NDAH,"['NDAH', 'AMCH', 'AMCH']",,MAK
1037,IXRB,,,NDAH,"['NDAH', 'DELH', 'IXRB']",,MAK
1038,MAAH,,,NDAH,"['NDAH', 'MAAH']",,MAK
1039,NAGH,,,NDAH,"['NDAH', 'DELH', 'NAGH']",,MAK
1040,LUHB,,,NDAH,"['NDAH', 'AMCH', 'AMCH', 'LUHB']",,MAK
1041,HDRB,,,NDAH,"['NDAH', 'DELH', 'HDRB']",,MAK
1043,VPIH,,,NDAH,"['NDAH', 'AMDH', 'VPIH']",,MAK
1044,AMCH,,,NDAH,"['NDAH', 'AMCH']",,MAK
1045,PATH,,,NDAH,"['NDAH', 'DELH', 'PATH']",,MAK
1046,RDPF,,,NDAH,"['NDAH', 'RDPF']",,MAK
1047,KNPH,,,NDAH,"['NDAH', 'KNPH']",,MAK
1048,DELH,,,NDAH,"['NDAH', 'DELH']",,MAK
1049,PNPF,,,NDAH,"['NDAH', 'AMCH', 'AMCH', 'PNPF']",,MAK
1050,AGRB,,,NDAH,"['NDAH', 'AGRB']",,MAK
1051,SILB,,,NDAH,"['NDAH', 'DELH', 'SILB']",,MAK
1053,RDPF,,,BGMH,"['BGMH', 'PNQH', 'KNPH', 'RDPF']",,MAK
1054,UDRF,,,BGMH,"['BGMH', 'BOMH', 'AMDH', 'UDRF']",,MAK
1056,IXCB,,,BGMH,"['BGMH', 'PNQH', 'AMCH', 'AMCH', 'IXCB']",,MAK
1057,KNPH,,,BGMH,"['BGMH', 'PNQH', 'KNPH']",,MAK
1060,AMCH,,,BGMH,"['BGMH', 'PNQH', 'AMCH']",,MAK
1061,AMCH,,,BGMH,"['BGMH', 'PNQH', 'AMCH', 'AMCH']",,MAK
1062,LUHB,,,BGMH,"['BGMH', 'PNQH', 'AMCH', 'AMCH', 'LUHB']",,MAK
1063,HDRB,,,BGMH,"['BGMH', 'PNQH', 'AMCH', 'AMCH', 'HDRB']",,MAK
1065,NDAH,,,SNRH,"['SNRH', 'NDAH']",,MAK
1066,PATH,,,BGMH,"['BGMH', 'BOMH', 'PATH']",,MAK
1067,AMDH,,,BGMH,"['BGMH', 'PNQH', 'AMDH']",,MAK
1068,VZAH,,,BGMH,"['BGMH', 'BLRH', 'VZAH']",,MAK
1069,BOMH,,,BGMH,"['BGMH', 'BOMH']",,MAK
1070,CJBH,,,BGMH,"['BGMH', 'BLRH', 'CJBH']",,MAK
1071,CCUH,,,BGMH,"['BGMH', 'PNQH', 'CCUH']",,MAK
1072,COKB,,,BGMH,"['BGMH', 'BLRH', 'COKB']",,MAK
1073,HYDH,,,BGMH,"['BGMH', 'BLRH', 'HYDH']",,MAK
1074,IDRH,,,BGMH,"['BGMH', 'PNQH', 'IDRH']",,MAK
1075,SXVF,,,BGMH,"['BGMH', 'BLRH', 'SXVF']",,MAK
1077,JAIH,,,BGMH,"['BGMH', 'BOMH', 'JAIH']",,MAK
1078,IXRB,,,BGMH,"['BGMH', 'BLRH', 'BBIH', 'IXRB']",,MAK
1079,MAAH,,,BGMH,"['BGMH', 'BLRH', 'MAAH']",,MAK
1080,NAGH,,,BGMH,"['BGMH', 'PNQH', 'NAGH']",,MAK
1081,DELH,,,BGMH,"['BGMH', 'PNQH', 'DELH']",,MAK
1083,BBIH,,,BGMH,"['BGMH', 'BLRH', 'BBIH']",,MAK
1084,PNPF,,,BGMH,"['BGMH', 'PNQH', 'AMCH', 'AMCH', 'PNPF']",,MAK
1085,VPIH,,,BGMH,"['BGMH', 'BOMH', 'VPIH']",,MAK
1086,SNRH,,,BGMH,"['BGMH', 'PNQH', 'SNRH']",,MAK
1087,BLRH,,,BGMH,"['BGMH', 'BLRH']",,MAK
1089,PNQH,,,BGMH,"['BGMH', 'PNQH']",,MAK
1090,SILB,,,BGMH,"['BGMH', 'PNQH', 'CCUH', 'SILB']",,MAK
1092,VZAH,,,LUHB,"['LUHB', 'AMCH', 'HYDH', 'VZAH']",,MAK
1094,BBIH,,,LUHB,"['LUHB', 'DELH', 'IXRB', 'BBIH']",,MAK
1098,CJBH,,,LUHB,"['LUHB', 'AMCH', 'BLRH', 'CJBH']",,MAK
1099,CCUH,,,LUHB,"['LUHB', 'AMCH', 'CCUH']",,MAK
1100,COKB,,,LUHB,"['LUHB', 'AMCH', 'AGRB', 'MAAH', 'MAAH', 'COKB']",,MAK
1101,RDPF,,,LUHB,"['LUHB', 'AMCH', 'KNPH', 'RDPF']",,MAK
1103,HYDH,,,LUHB,"['LUHB', 'AMCH', 'HYDH']",,MAK
1104,SXVF,,,LUHB,"['LUHB', 'AMCH', 'BLRH', 'SXVF']",,MAK
1105,JAIH,,,IXCB,"['IXCB', 'AMCH', 'JAIH']",,MAK
1106,IXRB,,,LUHB,"['LUHB', 'DELH', 'IXRB']",,MAK
1107,MAAH,,,LUHB,"['LUHB', 'AMCH', 'MAAH']",,MAK
1108,NAGH,,,LUHB,"['LUHB', 'DELH', 'NAGH']",,MAK
1109,BGMH,,,LUHB,"['LUHB', 'AMCH', 'PNQH', 'BGMH']",,MAK
1110,SNRH,,,LUHB,"['LUHB', 'AMCH', 'SNRH']",,MAK
1111,AGRB,,,LUHB,"['LUHB', 'AMCH', 'AGRB']",,MAK
1112,PATH,,,LUHB,"['LUHB', 'AMCH', 'KNPH', 'PATH']",,MAK
1113,BLRH,,,LUHB,"['LUHB', 'AMCH', 'BLRH']",,MAK
1114,BOMH,,,LUHB,"['LUHB', 'AMCH', 'BOMH']",,MAK
1115,IXCB,,,LUHB,"['LUHB', 'AMCH', 'IXCB']",,MAK
1116,KNPH,,,LUHB,"['LUHB', 'AMCH', 'KNPH']",,MAK
1118,IDRH,,,LUHB,"['LUHB', 'AMCH', 'IDRH']",,MAK
1119,AMCH,,,LUHB,"['LUHB', 'AMCH']",,MAK
1121,AMCH,,,LUHB,"['LUHB', 'AMCH']",,MAK
1122,DELH,,,LUHB,"['LUHB', 'DELH']",,MAK
1123,NDAH,,,LUHB,"['LUHB', 'AMCH', 'NDAH']",,MAK
1124,HDRB,,,LUHB,"['LUHB', 'AMCH', 'HDRB']",,MAK
1125,PNQH,,,LUHB,"['LUHB', 'AMCH', 'PNQH']",,MAK
1126,VPIH,,,LUHB,"['LUHB', 'AMCH', 'NDAH', 'AMDH', 'VPIH']",,MAK
1128,PNPF,,,LUHB,"['LUHB', 'AMCH', 'PNPF']",,MAK
1129,SILB,,,LUHB,"['LUHB', 'CCUH', 'SILB']",,MAK
1131,VZAH,,,HDRB,"['HDRB', 'AMCH', 'HYDH', 'VZAH']",,MAK
1133,BBIH,,,HDRB,"['HDRB', 'DELH', 'IXRB', 'BBIH']",,MAK
1136,JAIH,,,AMCH,"['AMCH', 'JAIH']",,MAK
1137,CJBH,,,HDRB,"['HDRB', 'AMCH', 'BLRH', 'CJBH']",,MAK
1138,CCUH,,,HDRB,"['HDRB', 'DELH', 'CCUH']",,MAK
1139,COKB,,,HDRB,"['HDRB', 'DELH', 'AGRB', 'MAAH', 'MAAH', 'COKB']",,MAK
1140,RDPF,,,HDRB,"['HDRB', 'DELH', 'NDAH', 'RDPF']",,MAK
1142,HYDH,,,HDRB,"['HDRB', 'DELH', 'HYDH']",,MAK
1143,SXVF,,,HDRB,"['HDRB', 'AMCH', 'BLRH', 'SXVF']",,MAK
1144,JAIH,,,AMCH,"['AMCH', 'JAIH']",,MAK
1145,IXRB,,,HDRB,"['HDRB', 'DELH', 'IXRB']",,MAK
1146,MAAH,,,HDRB,"['HDRB', 'AMCH', 'MAAH']",,MAK
1147,NAGH,,,HDRB,"['HDRB', 'DELH', 'NAGH']",,MAK
1148,BGMH,,,HDRB,"['HDRB', 'AMCH', 'PNQH', 'BGMH']",,MAK
1149,SNRH,,,HDRB,"['HDRB', 'AMCH', 'SNRH']",,MAK
1150,AGRB,,,HDRB,"['HDRB', 'DELH', 'AGRB']",,MAK
1151,BLRH,,,HDRB,"['HDRB', 'AMCH', 'BLRH']",,MAK
1152,BOMH,,,HDRB,"['HDRB', 'AMCH', 'BOMH']",,MAK
1153,IXCB,,,HDRB,"['HDRB', 'AMCH', 'IXCB']",,MAK
1154,KNPH,,,HDRB,"['HDRB', 'DELH', 'KNPH']",,MAK
1156,IDRH,,,HDRB,"['HDRB', 'DELH', 'IDRH']",,MAK
1157,AMCH,,,HDRB,"['HDRB', 'AMCH']",,MAK
1159,AMCH,,,HDRB,"['HDRB', 'AMCH']",,MAK
1160,DELH,,,HDRB,"['HDRB', 'DELH']",,MAK
1161,NDAH,,,HDRB,"['HDRB', 'DELH', 'NDAH']",,MAK
1162,LUHB,,,HDRB,"['HDRB', 'AMCH', 'LUHB']",,MAK
1163,PNQH,,,HDRB,"['HDRB', 'AMCH', 'PNQH']",,MAK
1164,VPIH,,,HDRB,"['HDRB', 'DELH', 'VPIH']",,MAK
1166,PATH,,,HDRB,"['HDRB', 'DELH', 'KNPH', 'PATH']",,MAK
1167,PNPF,,,HDRB,"['HDRB', 'AMCH', 'PNPF']",,MAK
1168,SILB,,,HDRB,"['HDRB', 'DELH', 'SILB']",,MAK
1170,IXCB,,,BBIH,"['BBIH', 'NAGH', 'DELH', 'IXCB']",,MAK
1172,AMCH,,,BBIH,"['BBIH', 'NAGH', 'DELH', 'AMCH', 'AMCH']",,MAK
1173,LUHB,,,BBIH,"['BBIH', 'NAGH', 'DELH', 'LUHB']",,MAK
1174,RDPF,,,BBIH,"['BBIH', 'NAGH', 'DELH', 'NDAH', 'RDPF']",,MAK
1176,HDRB,,,BBIH,"['BBIH', 'NAGH', 'DELH', 'HDRB']",,MAK
1178,AMCH,,,BBIH,"['BBIH', 'NAGH', 'DELH', 'AMCH']",,MAK
1179,UDRF,,,BBIH,"['BBIH', 'IXRB', 'AMDH', 'UDRF']",,MAK
1180,AMDH,,,BBIH,"['BBIH', 'IXRB', 'AMDH']",,MAK
1181,JAIH,,,BBIH,"['BBIH', 'IXRB', 'AMDH', 'JAIH']",,MAK
1182,NDAH,,,BBIH,"['BBIH', 'NAGH', 'DELH', 'NDAH']",,MAK
1183,PNQH,,,BBIH,"['BBIH', 'NAGH', 'PNQH']",,MAK
1184,VPIH,,,BBIH,"['BBIH', 'NAGH', 'VPIH']",,MAK
1185,SNRH,,,BBIH,"['BBIH', 'NAGH', 'PNQH', 'SNRH']",,MAK
1186,AGRB,,,BBIH,"['BBIH', 'NAGH', 'DELH', 'AGRB']",,MAK
1187,IDRH,,,BBIH,"['BBIH', 'NAGH', 'IDRH']",,MAK
1188,BOMH,,,BBIH,"['BBIH', 'NAGH', 'BOMH']",,MAK
1189,CJBH,,,BBIH,"['BBIH', 'BLRH', 'CJBH']",,MAK
1190,COKB,,,BBIH,"['BBIH', 'BLRH', 'COKB']",,MAK
1191,KNPH,,,BBIH,"['BBIH', 'NAGH', 'IDRH', 'KNPH']",,MAK
1193,HYDH,,,BBIH,"['BBIH', 'VZAH', 'HYDH']",,MAK
1194,SXVF,,,BBIH,"['BBIH', 'BLRH', 'SXVF']",,MAK
1196,MAAH,,,BBIH,"['BBIH', 'MAAH']",,MAK
1197,NAGH,,,BBIH,"['BBIH', 'NAGH']",,MAK
1198,DELH,,,BBIH,"['BBIH', 'NAGH', 'DELH']",,MAK
1199,BGMH,,,BBIH,"['BBIH', 'BLRH', 'BGMH']",,MAK
1200,PNPF,,,BBIH,"['BBIH', 'NAGH', 'DELH', 'AMCH', 'AMCH', 'PNPF']",,MAK
1201,PATH,,,BBIH,"['BBIH', 'IXRB', 'PATH']",,MAK
1203,VZAH,,,BBIH,"['BBIH', 'VZAH']",,MAK
1204,BLRH,,,BBIH,"['BBIH', 'BLRH']",,MAK
1205,CCUH,,,BBIH,"['BBIH', 'CCUH']",,MAK
1206,IXRB,,,BBIH,"['BBIH', 'IXRB']",,MAK
1207,SILB,,,BBIH,"['BBIH', 'CCUH', 'SILB']",,MAK
1210,UDRF,,,PATH,"['PATH', 'DELH', 'JAIH', 'UDRF']",,MAK
1211,AMDH,,,PATH,"['PATH', 'DELH', 'AMDH']",,MAK
1212,VZAH,,,PATH,"['PATH', 'IXRB', 'VZAH']",,MAK
1213,CJBH,,,PATH,"['PATH', 'IXRB', 'BLRH', 'CJBH']",,MAK
1214,IXCB,,,PATH,"['PATH', 'DELH', 'IXCB']",,MAK
1215,COKB,,,PATH,"['PATH', 'IXRB', 'BLRH', 'COKB']",,MAK
1216,RDPF,,,PATH,"['PATH', 'KNPH', 'RDPF']",,MAK
1219,HYDH,,,PATH,"['PATH', 'KNPH', 'HYDH']",,MAK
1220,AMCH,,,PATH,"['PATH', 'DELH', 'AMCH']",,MAK
1221,SXVF,,,PATH,"['PATH', 'IXRB', 'BLRH', 'SXVF']",,MAK
1223,JAIH,,,PATH,"['PATH', 'DELH', 'JAIH']",,MAK
1224,AMCH,,,PATH,"['PATH', 'DELH', 'AMCH', 'AMCH']",,MAK
1225,NAGH,,,PATH,"['PATH', 'KNPH', 'IDRH', 'NAGH']",,MAK
1226,BGMH,,,PATH,"['PATH', 'BOMH', 'BGMH']",,MAK
1227,LUHB,,,PATH,"['PATH', 'DELH', 'LUHB']",,MAK
1228,PNQH,,,PATH,"['PATH', 'KNPH', 'PNQH']",,MAK
1229,VPIH,,,PATH,"['PATH', 'BOMH', 'VPIH']",,MAK
1230,SNRH,,,PATH,"['PATH', 'KNPH', 'SNRH']",,MAK
1232,BLRH,,,PATH,"['PATH', 'IXRB', 'BLRH']",,MAK
1233,BOMH,,,PATH,"['PATH', 'BOMH']",,MAK
1234,CCUH,,,PATH,"['PATH', 'IXRB', 'BBIH', 'CCUH']",,MAK
1236,IDRH,,,PATH,"['PATH', 'KNPH', 'IDRH']",,MAK
1237,MAAH,,,PATH,"['PATH', 'IXRB', 'VZAH', 'MAAH']",,MAK
1238,DELH,,,PATH,"['PATH', 'DELH']",,MAK
1239,NDAH,,,PATH,"['PATH', 'DELH', 'NDAH']",,MAK
1240,HDRB,,,PATH,"['PATH', 'DELH', 'HDRB']",,MAK
1241,BBIH,,,PATH,"['PATH', 'IXRB', 'BBIH']",,MAK
1242,PNPF,,,PATH,"['PATH', 'DELH', 'AMCH', 'AMCH', 'PNPF']",,MAK
1243,AGRB,,,PATH,"['PATH', 'KNPH', 'AGRB']",,MAK
1244,KNPH,,,PATH,"['PATH', 'KNPH']",,MAK
1245,IXRB,,,PATH,"['PATH', 'IXRB']",,MAK
1246,SILB,,,PATH,"['PATH', 'SILB']",,MAK
1248,VZAH,,,PNPF,"['PNPF', 'DELH', 'HYDH', 'VZAH']",,MAK
1249,CJBH,,,PNPF,"['PNPF', 'DELH', 'CJBH']",,MAK
1251,COKB,,,PNPF,"['PNPF', 'DELH', 'CJBH', 'COKB']",,MAK
1252,RDPF,,,PNPF,"['PNPF', 'DELH', 'NDAH', 'RDPF']",,MAK
1255,SXVF,,,PNPF,"['PNPF', 'DELH', 'SXVF']",,MAK
1256,BGMH,,,PNPF,"['PNPF', 'DELH', 'PNQH', 'BGMH']",,MAK
1257,BBIH,,,PNPF,"['PNPF', 'DELH', 'IXRB', 'BBIH']",,MAK
1259,PATH,,,PNPF,"['PNPF', 'DELH', 'PATH']",,MAK
1260,UDRF,,,PNPF,"['PNPF', 'DELH', 'JAIH', 'UDRF']",,MAK
1261,AMDH,,,PNPF,"['PNPF', 'DELH', 'AMDH']",,MAK
1262,BLRH,,,PNPF,"['PNPF', 'DELH', 'BLRH']",,MAK
1263,BOMH,,,PNPF,"['PNPF', 'DELH', 'BOMH']",,MAK
1264,CCUH,,,PNPF,"['PNPF', 'DELH', 'CCUH']",,MAK
1265,IXCB,,,PNPF,"['PNPF', 'AMCH', 'AMCH', 'IXCB']",,MAK
1266,KNPH,,,PNPF,"['PNPF', 'DELH', 'KNPH']",,MAK
1268,HYDH,,,PNPF,"['PNPF', 'DELH', 'HYDH']",,MAK
1269,AGRB,,,IDRH,"['IDRH', 'DELH', 'AGRB']",,MAK
1270,AMCH,,,PNPF,"['PNPF', 'AMCH']",,MAK
1272,JAIH,,,PNPF,"['PNPF', 'DELH', 'JAIH']",,MAK
1273,AMCH,,,PNPF,"['PNPF', 'DELH', 'AMCH', 'AMCH']",,MAK
1274,IXRB,,,PNPF,"['PNPF', 'DELH', 'IXRB']",,MAK
1275,MAAH,,,PNPF,"['PNPF', 'DELH', 'MAAH']",,MAK
1276,NAGH,,,PNPF,"['PNPF', 'DELH', 'NAGH']",,MAK
1277,DELH,,,PNPF,"['PNPF', 'AMCH', 'AMCH', 'DELH']",,MAK
1278,NDAH,,,PNPF,"['PNPF', 'DELH', 'NDAH']",,MAK
1279,LUHB,,,PNPF,"['PNPF', 'AMCH', 'AMCH', 'LUHB']",,MAK
1280,HDRB,,,PNPF,"['PNPF', 'AMCH', 'AMCH', 'HDRB']",,MAK
1281,PNQH,,,PNPF,"['PNPF', 'DELH', 'PNQH']",,MAK
1282,VPIH,,,PNPF,"['PNPF', 'DELH', 'VPIH']",,MAK
1284,AGRB,,,PNPF,"['PNPF', 'DELH', 'AGRB']",,MAK
1285,SILB,,,PNPF,"['PNPF', 'DELH', 'SILB']",,MAK
1287,RDPF,,,PNQH,"['PNQH', 'KNPH', 'RDPF']",,MAK
1288,IXRB,,,PNQH,"['PNQH', 'BOMH', 'IXRB']",,MAK
1289,BBIH,,,PNQH,"['PNQH', 'NAGH', 'BBIH']",,MAK
1290,PATH,,,PNQH,"['PNQH', 'KNPH', 'PATH']",,MAK
1291,UDRF,,,PNQH,"['PNQH', 'AMDH', 'UDRF']",,MAK
1292,VZAH,,,PNQH,"['PNQH', 'HYDH', 'VZAH']",,MAK
1293,CJBH,,,PNQH,"['PNQH', 'CJBH']",,MAK
1295,IXCB,,,PNQH,"['PNQH', 'AMCH', 'AMCH', 'IXCB']",,MAK
1296,COKB,,,PNQH,"['PNQH', 'CJBH', 'COKB']",,MAK
1297,KNPH,,,PNQH,"['PNQH', 'KNPH']",,MAK
1300,AMCH,,,PNQH,"['PNQH', 'AMCH']",,MAK
1301,SXVF,,,PNQH,"['PNQH', 'SXVF']",,MAK
1302,AMCH,,,PNQH,"['PNQH', 'AMCH', 'AMCH']",,MAK
1303,LUHB,,,PNQH,"['PNQH', 'AMCH', 'AMCH', 'LUHB']",,MAK
1304,HDRB,,,PNQH,"['PNQH', 'AMCH', 'AMCH', 'HDRB']",,MAK
1307,AMDH,,,PNQH,"['PNQH', 'AMDH']",,MAK
1308,BLRH,,,PNQH,"['PNQH', 'BLRH']",,MAK
1309,BOMH,,,PNQH,"['PNQH', 'BOMH']",,MAK
1310,CCUH,,,PNQH,"['PNQH', 'CCUH']",,MAK
1312,HYDH,,,PNQH,"['PNQH', 'HYDH']",,MAK
1313,IDRH,,,PNQH,"['PNQH', 'IDRH']",,MAK
1315,JAIH,,,PNQH,"['PNQH', 'BOMH', 'JAIH']",,MAK
1316,MAAH,,,PNQH,"['PNQH', 'MAAH']",,MAK
1317,NAGH,,,PNQH,"['PNQH', 'NAGH']",,MAK
1318,DELH,,,PNQH,"['PNQH', 'DELH']",,MAK
1319,AGRB,,,BGMH,"['BGMH', 'PNQH', 'NDAH', 'AGRB']",,MAK
1320,BGMH,,,PNQH,"['PNQH', 'BGMH']",,MAK
1321,PNPF,,,PNQH,"['PNQH', 'AMCH', 'AMCH', 'PNPF']",,MAK
1322,VPIH,,,PNQH,"['PNQH', 'VPIH']",,MAK
1323,SNRH,,,PNQH,"['PNQH', 'SNRH']",,MAK
1324,SILB,,,PNQH,"['PNQH', 'CCUH', 'SILB']",,MAK
1326,RDPF,,,VPIH,"['VPIH', 'AMDH', 'NDAH', 'RDPF']",,MAK
1327,VZAH,,,VPIH,"['VPIH', 'NAGH', 'HYDH', 'VZAH']",,MAK
1329,IXRB,,,VPIH,"['VPIH', 'BOMH', 'IXRB']",,MAK
1330,BBIH,,,VPIH,"['VPIH', 'NAGH', 'BBIH']",,MAK
1331,AGRB,,,VPIH,"['VPIH', 'DELH', 'AGRB']",,MAK
1332,UDRF,,,VPIH,"['VPIH', 'AMDH', 'UDRF']",,MAK
1333,CJBH,,,VPIH,"['VPIH', 'BLRH', 'CJBH']",,MAK
1334,CCUH,,,VPIH,"['VPIH', 'BOMH', 'CCUH']",,MAK
1336,IXCB,,,VPIH,"['VPIH', 'DELH', 'IXCB']",,MAK
1337,COKB,,,VPIH,"['VPIH', 'BLRH', 'COKB']",,MAK
1338,KNPH,,,VPIH,"['VPIH', 'AMDH', 'NDAH', 'KNPH']",,MAK
1341,HYDH,,,VPIH,"['VPIH', 'NAGH', 'HYDH']",,MAK
1342,IDRH,,,VPIH,"['VPIH', 'NAGH', 'IDRH']",,MAK
1343,AMCH,,,VPIH,"['VPIH', 'DELH', 'AMCH']",,MAK
1344,SXVF,,,VPIH,"['VPIH', 'BLRH', 'SXVF']",,MAK
1345,AMCH,,,VPIH,"['VPIH', 'DELH', 'AMCH', 'AMCH']",,MAK
1346,MAAH,,,VPIH,"['VPIH', 'BLRH', 'MAAH']",,MAK
1347,NAGH,,,VPIH,"['VPIH', 'NAGH']",,MAK
1348,DELH,,,VPIH,"['VPIH', 'DELH']",,MAK
1349,NDAH,,,VPIH,"['VPIH', 'AMDH', 'NDAH']",,MAK
1350,BGMH,,,VPIH,"['VPIH', 'BOMH', 'BGMH']",,MAK
1351,LUHB,,,VPIH,"['VPIH', 'DELH', 'LUHB']",,MAK
1352,HDRB,,,VPIH,"['VPIH', 'DELH', 'HDRB']",,MAK
1353,PNPF,,,VPIH,"['VPIH', 'DELH', 'AMCH', 'AMCH', 'PNPF']",,MAK
1354,SNRH,,,VPIH,"['VPIH', 'PNQH', 'SNRH']",,MAK
1356,PATH,,,VPIH,"['VPIH', 'BOMH', 'PATH']",,MAK
1357,AMDH,,,VPIH,"['VPIH', 'AMDH']",,MAK
1358,BLRH,,,VPIH,"['VPIH', 'BLRH']",,MAK
1359,BOMH,,,VPIH,"['VPIH', 'BOMH']",,MAK
1361,JAIH,,,VPIH,"['VPIH', 'AMDH', 'JAIH']",,MAK
1362,PNQH,,,VPIH,"['VPIH', 'PNQH']",,MAK
1363,SILB,,,VPIH,"['VPIH', 'DELH', 'SILB']",,MAK
1365,IXCB,,,SILB,"['SILB', 'CCUH', 'DELH', 'IXCB']",,MAK
1367,AMCH,,,SILB,"['SILB', 'CCUH', 'DELH', 'AMCH', 'AMCH']",,MAK
1368,LUHB,,,SILB,"['SILB', 'CCUH', 'DELH', 'LUHB']",,MAK
1369,RDPF,,,SILB,"['SILB', 'CCUH', 'KNPH', 'RDPF']",,MAK
1370,HDRB,,,SILB,"['SILB', 'CCUH', 'DELH', 'HDRB']",,MAK
1372,AMCH,,,SILB,"['SILB', 'CCUH', 'DELH', 'AMCH']",,MAK
1374,NAGH,,,SILB,"['SILB', 'CCUH', 'NAGH']",,MAK
1375,UDRF,,,SILB,"['SILB', 'CCUH', 'AMDH', 'UDRF']",,MAK
1376,AMDH,,,SILB,"['SILB', 'CCUH', 'AMDH']",,MAK
1377,CJBH,,,SILB,"['SILB', 'CCUH', 'BLRH', 'CJBH']",,MAK
1379,COKB,,,SILB,"['SILB', 'CCUH', 'BLRH', 'COKB']",,MAK
1381,HYDH,,,SILB,"['SILB', 'CCUH', 'VZAH', 'HYDH']",,MAK
1382,IDRH,,,SILB,"['SILB', 'CCUH', 'NAGH', 'IDRH']",,MAK
1383,SXVF,,,SILB,"['SILB', 'CCUH', 'BLRH', 'SXVF']",,MAK
1384,JAIH,,,SILB,"['SILB', 'CCUH', 'AMDH', 'JAIH']",,MAK
1385,NDAH,,,SILB,"['SILB', 'CCUH', 'NDAH']",,MAK
1386,BGMH,,,SILB,"['SILB', 'CCUH', 'BLRH', 'BGMH']",,MAK
1387,VPIH,,,SILB,"['SILB', 'CCUH', 'BOMH', 'VPIH']",,MAK
1388,SNRH,,,SILB,"['SILB', 'CCUH', 'NAGH', 'PNQH', 'SNRH']",,MAK
1389,AGRB,,,SILB,"['SILB', 'CCUH', 'KNPH', 'AGRB']",,MAK
1390,PATH,,,SILB,"['SILB', 'CCUH', 'IXRB', 'PATH']",,MAK
1391,VZAH,,,SILB,"['SILB', 'CCUH', 'VZAH']",,MAK
1392,BLRH,,,SILB,"['SILB', 'CCUH', 'BLRH']",,MAK
1393,BOMH,,,SILB,"['SILB', 'CCUH', 'BOMH']",,MAK
1394,KNPH,,,SILB,"['SILB', 'CCUH', 'KNPH']",,MAK
1396,IXRB,,,SILB,"['SILB', 'CCUH', 'IXRB']",,MAK
1397,MAAH,,,SILB,"['SILB', 'CCUH', 'MAAH']",,MAK
1398,DELH,,,SILB,"['SILB', 'CCUH', 'DELH']",,MAK
1399,BBIH,,,SILB,"['SILB', 'CCUH', 'BBIH']",,MAK
1400,PNPF,,,SILB,"['SILB', 'CCUH', 'DELH', 'AMCH', 'AMCH', 'PNPF']",,MAK
1401,PNQH,,,SILB,"['SILB', 'CCUH', 'NAGH', 'PNQH']",,MAK
1402,CCUH,,,SILB,"['SILB', 'CCUH']",,MAK
1404,BBIH,,,UDRF,"['UDRF', 'AMDH', 'IXRB', 'BBIH']",,MAK
1406,VZAH,,,UDRF,"['UDRF', 'JAIH', 'BOMH', 'VZAH']",,MAK
1407,CJBH,,,UDRF,"['UDRF', 'JAIH', 'BOMH', 'CJBH']",,MAK
1408,IXCB,,,UDRF,"['UDRF', 'JAIH', 'DELH', 'IXCB']",,MAK
1409,COKB,,,UDRF,"['UDRF', 'JAIH', 'BOMH', 'COKB']",,MAK
1410,RDPF,,,UDRF,"['UDRF', 'JAIH', 'DELH', 'NDAH', 'RDPF']",,MAK
1414,AMCH,,,UDRF,"['UDRF', 'JAIH', 'DELH', 'AMCH']",,MAK
1415,SXVF,,,UDRF,"['UDRF', 'JAIH', 'BOMH', 'SXVF']",,MAK
1416,AMCH,,,UDRF,"['UDRF', 'JAIH', 'DELH', 'AMCH', 'AMCH']",,MAK
1417,NAGH,,,UDRF,"['UDRF', 'JAIH', 'DELH', 'NAGH']",,MAK
1418,BGMH,,,UDRF,"['UDRF', 'JAIH', 'BOMH', 'BGMH']",,MAK
1419,LUHB,,,UDRF,"['UDRF', 'JAIH', 'DELH', 'LUHB']",,MAK
1420,HDRB,,,UDRF,"['UDRF', 'JAIH', 'DELH', 'HDRB']",,MAK
1421,SNRH,,,UDRF,"['UDRF', 'JAIH', 'BOMH', 'SNRH']",,MAK
1423,PATH,,,UDRF,"['UDRF', 'JAIH', 'DELH', 'PATH']",,MAK
1424,BLRH,,,UDRF,"['UDRF', 'JAIH', 'BOMH', 'BLRH']",,MAK
1425,BOMH,,,UDRF,"['UDRF', 'JAIH', 'BOMH']",,MAK
1426,CCUH,,,UDRF,"['UDRF', 'AMDH', 'CCUH']",,MAK
1427,KNPH,,,UDRF,"['UDRF', 'JAIH', 'DELH', 'KNPH']",,MAK
1428,HYDH,,,UDRF,"['UDRF', 'AMDH', 'BOMH', 'HYDH']",,MAK
1429,RDPF,,,NAGH,"['NAGH', 'DELH', 'NDAH', 'RDPF']",,MAK
1431,IXRB,,,UDRF,"['UDRF', 'AMDH', 'IXRB']",,MAK
1432,MAAH,,,UDRF,"['UDRF', 'AMDH', 'BOMH', 'MAAH']",,MAK
1433,PNQH,,,UDRF,"['UDRF', 'AMDH', 'PNQH']",,MAK
1434,VPIH,,,UDRF,"['UDRF', 'AMDH', 'VPIH']",,MAK
1435,AGRB,,,UDRF,"['UDRF', 'JAIH', 'DELH', 'AGRB']",,MAK
1436,AMDH,,,UDRF,"['UDRF', 'AMDH']",,MAK
1437,JAIH,,,UDRF,"['UDRF', 'JAIH']",,MAK
1438,DELH,,,UDRF,"['UDRF', 'JAIH', 'DELH']",,MAK
1439,NDAH,,,UDRF,"['UDRF', 'JAIH', 'DELH', 'NDAH']",,MAK
1440,PNPF,,,UDRF,"['UDRF', 'JAIH', 'DELH', 'AMCH', 'AMCH', 'PNPF']",,MAK
1441,SILB,,,UDRF,"['UDRF', 'AMDH', 'CCUH', 'SILB']",,MAK
1443,RDPF,,,SNRH,"['SNRH', 'KNPH', 'RDPF']",,MAK
1444,UDRF,,,SNRH,"['SNRH', 'BOMH', 'AMDH', 'UDRF']",,MAK
1445,VZAH,,,SNRH,"['SNRH', 'PNQH', 'HYDH', 'VZAH']",,MAK
1446,CJBH,,,SNRH,"['SNRH', 'PNQH', 'CJBH']",,MAK
1447,COKB,,,SNRH,"['SNRH', 'PNQH', 'CJBH', 'COKB']",,MAK
1449,SXVF,,,SNRH,"['SNRH', 'PNQH', 'SXVF']",,MAK
1450,IXRB,,,SNRH,"['SNRH', 'BOMH', 'IXRB']",,MAK
1451,IXCB,,,SNRH,"['SNRH', 'AMCH', 'AMCH', 'IXCB']",,MAK
1453,AMCH,,,SNRH,"['SNRH', 'AMCH']",,MAK
1454,BBIH,,,SNRH,"['SNRH', 'PNQH', 'NAGH', 'BBIH']",,MAK
1455,AMCH,,,SNRH,"['SNRH', 'AMCH', 'AMCH']",,MAK
1456,LUHB,,,SNRH,"['SNRH', 'AMCH', 'AMCH', 'LUHB']",,MAK
1457,DELH,,,SNRH,"['SNRH', 'DELH']",,MAK
1459,PATH,,,SNRH,"['SNRH', 'KNPH', 'PATH']",,MAK
1460,AMDH,,,SNRH,"['SNRH', 'PNQH', 'AMDH']",,MAK
1461,BLRH,,,SNRH,"['SNRH', 'PNQH', 'BLRH']",,MAK
1462,CCUH,,,SNRH,"['SNRH', 'PNQH', 'CCUH']",,MAK
1464,KNPH,,,SNRH,"['SNRH', 'KNPH']",,MAK
1466,HYDH,,,SNRH,"['SNRH', 'PNQH', 'HYDH']",,MAK
1467,JAIH,,,SNRH,"['SNRH', 'BOMH', 'JAIH']",,MAK
1468,MAAH,,,SNRH,"['SNRH', 'PNQH', 'MAAH']",,MAK
1469,NAGH,,,SNRH,"['SNRH', 'PNQH', 'NAGH']",,MAK
1470,BGMH,,,SNRH,"['SNRH', 'PNQH', 'BGMH']",,MAK
1471,VPIH,,,SNRH,"['SNRH', 'BOMH', 'VPIH']",,MAK
1472,AGRB,,,PNQH,"['PNQH', 'KNPH', 'AGRB']",,MAK
1473,BOMH,,,SNRH,"['SNRH', 'BOMH']",,MAK
1474,IDRH,,,SNRH,"['SNRH', 'IDRH']",,MAK
1476,HDRB,,,SNRH,"['SNRH', 'AMCH', 'AMCH', 'HDRB']",,MAK
1477,AGRB,,,SNRH,"['SNRH', 'KNPH', 'AGRB']",,MAK
1478,PNPF,,,SNRH,"['SNRH', 'AMCH', 'AMCH', 'PNPF']",,MAK
1479,PNQH,,,SNRH,"['SNRH', 'PNQH']",,MAK
1480,SILB,,,SNRH,"['SNRH', 'PNQH', 'CCUH', 'SILB']",,MAK
1485,JAIH,,,LUHB,"['LUHB', 'AMCH', 'JAIH']",,MAK
1487,JAIH,,,HDRB,"['HDRB', 'DELH', 'JAIH']",,MAK
1521,VZAH,,,AGRB,"['AGRB', 'HYDH', 'VZAH']",,MAK
1522,CJBH,,,AGRB,"['AGRB', 'HYDH', 'BLRH', 'CJBH']",,MAK
1523,COKB,,,AGRB,"['AGRB', 'MAAH', 'MAAH', 'COKB']",,MAK
1526,IXCB,,,AGRB,"['AGRB', 'KNPH', 'AMCH', 'AMCH', 'IXCB']",,MAK
1528,AMCH,,,AGRB,"['AGRB', 'KNPH', 'AMCH']",,MAK
1529,AMCH,,,AGRB,"['AGRB', 'KNPH', 'AMCH', 'AMCH']",,MAK
1530,LUHB,,,AGRB,"['AGRB', 'KNPH', 'AMCH', 'AMCH', 'LUHB']",,MAK
1531,HDRB,,,AGRB,"['AGRB', 'DELH', 'HDRB']",,MAK
1533,SXVF,,,AGRB,"['AGRB', 'HYDH', 'BLRH', 'SXVF']",,MAK
1534,BGMH,,,AGRB,"['AGRB', 'KNPH', 'PNQH', 'BGMH']",,MAK
1535,BBIH,,,AGRB,"['AGRB', 'KNPH', 'PATH', 'IXRB', 'BBIH']",,MAK
1536,VPIH,,,AGRB,"['AGRB', 'DELH', 'VPIH']",,MAK
1537,UDRF,,,AGRB,"['AGRB', 'DELH', 'JAIH', 'UDRF']",,MAK
1539,AMDH,,,AGRB,"['AGRB', 'DELH', 'AMDH']",,MAK
1540,BLRH,,,AGRB,"['AGRB', 'HYDH', 'BLRH']",,MAK
1541,BOMH,,,AGRB,"['AGRB', 'KNPH', 'BOMH']",,MAK
1542,CCUH,,,AGRB,"['AGRB', 'KNPH', 'CCUH']",,MAK
1543,RDPF,,,AGRB,"['AGRB', 'NDAH', 'RDPF']",,MAK
1544,HYDH,,,AGRB,"['AGRB', 'HYDH']",,MAK
1546,JAIH,,,AGRB,"['AGRB', 'DELH', 'JAIH']",,MAK
1547,IXRB,,,AGRB,"['AGRB', 'KNPH', 'PATH', 'IXRB']",,MAK
1548,MAAH,,,AGRB,"['AGRB', 'MAAH']",,MAK
1549,NAGH,,,AGRB,"['AGRB', 'KNPH', 'IDRH', 'NAGH']",,MAK
1550,PNQH,,,AGRB,"['AGRB', 'KNPH', 'PNQH']",,MAK
1551,SNRH,,,AGRB,"['AGRB', 'KNPH', 'SNRH']",,MAK
1552,PATH,,,AGRB,"['AGRB', 'KNPH', 'PATH']",,MAK
1553,KNPH,,,AGRB,"['AGRB', 'KNPH']",,MAK
1554,IDRH,,,AGRB,"['AGRB', 'KNPH', 'IDRH']",,MAK
1555,DELH,,,AGRB,"['AGRB', 'DELH']",,MAK
1556,NDAH,,,AGRB,"['AGRB', 'NDAH']",,MAK
1557,PNPF,,,AGRB,"['AGRB', 'DELH', 'AMCH', 'AMCH', 'PNPF']",,MAK
1558,SILB,,,AGRB,"['AGRB', 'KNPH', 'PATH', 'SILB']",,MAK
1605,UDRF,,,IXCB,"['IXCB', 'AMCH', 'JAIH', 'UDRF']",,MAK
1613,UDRF,,,AMCH,"['AMCH', 'JAIH', 'UDRF']",,MAK
1617,UDRF,,,AMCH,"['AMCH', 'JAIH', 'UDRF']",,MAK
1626,UDRF,,,LUHB,"['LUHB', 'AMCH', 'JAIH', 'UDRF']",,MAK
1627,UDRF,,,HDRB,"['HDRB', 'DELH', 'JAIH', 'UDRF']",,MAK
